Transaction_ID,Region,Product_Type,Customer_Tier,Process_Start,Intake_Complete,Review_Complete,Approval_Complete,Processing_Complete,QC_Complete,Closure_Complete,Phase
TXN-0001,Midwest,Premium,Bronze,1/2/2024 11:13,1/2/2024 15:13,1/4/2024 20:19,1/8/2024 0:07,1/8/2024 11:37,1/8/2024 16:09,1/8/2024 16:59,A
TXN-0002,Southeast,Enterprise,Silver,1/3/2024 7:33,1/3/2024 9:05,1/3/2024 14:44,1/9/2024 5:56,1/9/2024 10:17,1/9/2024 14:50,1/9/2024 20:36,A
TXN-0003,Northeast,Standard,Silver,1/4/2024 13:35,1/4/2024 15:14,1/4/2024 22:26,1/8/2024 20:33,1/9/2024 8:06,1/9/2024 14:39,1/9/2024 19:35,A
TXN-0004,Southeast,Enterprise,Silver,1/5/2024 15:27,1/5/2024 16:52,1/8/2024 14:52,1/10/2024 15:51,1/11/2024 0:13,1/11/2024 2:58,1/11/2024 7:12,A
TXN-0005,Midwest,Standard,Silver,1/8/2024 7:57,1/8/2024 9:50,1/8/2024 22:02,1/16/2024 22:58,1/17/2024 20:47,1/18/2024 0:57,1/18/2024 5:32,A
TXN-0006,Midwest,Standard,Bronze,1/8/2024 12:07,1/8/2024 14:19,1/10/2024 9:15,1/15/2024 4:20,1/15/2024 11:31,1/15/2024 15:23,1/15/2024 20:56,A
TXN-0007,West,Enterprise,Bronze,1/8/2024 10:03,1/8/2024 11:57,1/8/2024 17:33,1/17/2024 11:02,1/17/2024 22:18,1/18/2024 5:01,1/18/2024 12:09,A
TXN-0008,Midwest,Enterprise,Silver,1/9/2024 6:11,1/9/2024 9:13,1/10/2024 1:35,1/12/2024 2:34,1/12/2024 6:36,1/12/2024 10:22,1/12/2024 12:13,A
TXN-0009,West,Premium,Bronze,1/10/2024 13:35,1/10/2024 15:16,1/11/2024 2:11,1/11/2024 17:22,1/12/2024 6:47,1/15/2024 5:56,1/15/2024 10:01,A
TXN-0010,Midwest,Standard,Gold,1/11/2024 12:03,1/11/2024 14:57,1/15/2024 6:30,1/17/2024 5:04,1/17/2024 16:45,1/17/2024 20:58,1/17/2024 22:54,A
TXN-0011,West,Standard,Silver,1/12/2024 20:32,1/15/2024 2:57,1/15/2024 21:57,1/18/2024 12:22,1/18/2024 19:43,1/19/2024 3:32,1/19/2024 4:54,A
TXN-0012,Midwest,Enterprise,Gold,1/15/2024 20:14,1/15/2024 23:59,1/16/2024 23:36,1/19/2024 23:25,1/22/2024 4:20,1/22/2024 6:46,1/22/2024 7:16,A
TXN-0013,Midwest,Enterprise,Silver,1/15/2024 19:44,1/15/2024 21:14,1/16/2024 10:31,1/17/2024 9:14,1/17/2024 14:30,1/17/2024 20:41,1/18/2024 0:41,A
TXN-0014,Southeast,Enterprise,Bronze,1/15/2024 17:35,1/16/2024 2:36,1/17/2024 1:48,1/22/2024 6:56,1/22/2024 12:01,1/22/2024 14:13,1/22/2024 15:17,A
TXN-0015,Southeast,Enterprise,Silver,1/16/2024 18:53,1/17/2024 0:18,1/18/2024 15:14,1/19/2024 6:21,1/19/2024 18:05,1/19/2024 20:09,1/22/2024 1:37,A
TXN-0016,Midwest,Premium,Gold,1/17/2024 22:10,1/18/2024 1:50,1/18/2024 9:04,1/19/2024 3:43,1/19/2024 9:45,1/22/2024 7:12,1/22/2024 9:00,A
TXN-0017,West,Premium,Bronze,1/18/2024 23:39,1/19/2024 3:26,1/22/2024 0:21,1/24/2024 11:55,1/25/2024 5:07,1/25/2024 8:01,1/25/2024 9:40,A
TXN-0018,Southeast,Enterprise,Silver,1/22/2024 2:32,1/22/2024 4:04,1/22/2024 16:54,1/29/2024 21:24,1/30/2024 8:57,1/30/2024 11:45,1/30/2024 17:10,A
TXN-0019,Northeast,Premium,Bronze,1/22/2024 22:45,1/22/2024 23:51,1/23/2024 23:41,1/26/2024 5:04,1/26/2024 12:53,1/29/2024 3:31,1/29/2024 4:44,A
TXN-0020,West,Premium,Bronze,1/22/2024 17:24,1/22/2024 18:48,1/23/2024 3:46,1/24/2024 4:11,1/24/2024 13:34,1/24/2024 20:47,1/24/2024 21:38,A
TXN-0021,Southeast,Enterprise,Silver,1/22/2024 13:48,1/22/2024 15:47,1/24/2024 13:05,1/29/2024 9:27,1/29/2024 15:58,1/30/2024 14:42,1/30/2024 19:18,A
TXN-0022,Northeast,Standard,Gold,1/23/2024 9:04,1/23/2024 12:40,1/24/2024 1:43,1/25/2024 9:03,1/25/2024 19:44,1/26/2024 7:09,1/26/2024 8:28,A
TXN-0023,Midwest,Enterprise,Silver,1/24/2024 4:55,1/24/2024 6:41,1/24/2024 23:35,2/1/2024 16:17,2/2/2024 2:06,2/2/2024 7:27,2/2/2024 8:47,A
TXN-0024,Northeast,Premium,Silver,1/25/2024 8:48,1/25/2024 10:32,1/26/2024 5:02,1/29/2024 21:07,1/30/2024 3:04,1/30/2024 19:21,1/30/2024 19:58,A
TXN-0025,Northeast,Enterprise,Gold,1/26/2024 17:38,1/26/2024 20:45,1/30/2024 14:57,2/1/2024 13:40,2/2/2024 17:54,2/5/2024 19:30,2/5/2024 20:41,A
TXN-0026,Southeast,Standard,Bronze,1/29/2024 4:34,1/29/2024 5:58,1/29/2024 18:26,2/5/2024 0:32,2/5/2024 22:03,2/6/2024 0:42,2/6/2024 2:27,A
TXN-0027,Northeast,Premium,Silver,1/29/2024 2:15,1/29/2024 7:34,1/29/2024 19:57,1/30/2024 8:55,1/30/2024 15:21,1/30/2024 21:43,1/31/2024 2:49,A
TXN-0028,Northeast,Standard,Bronze,1/29/2024 6:22,1/29/2024 17:32,2/1/2024 1:41,2/2/2024 17:42,2/5/2024 14:06,2/5/2024 16:52,2/5/2024 18:17,A
TXN-0029,Midwest,Standard,Bronze,1/29/2024 23:29,1/30/2024 0:29,1/30/2024 19:10,1/31/2024 8:26,1/31/2024 23:19,2/1/2024 17:14,2/1/2024 19:13,A
TXN-0030,Southeast,Standard,Bronze,1/31/2024 2:24,1/31/2024 13:36,1/31/2024 21:57,2/2/2024 14:12,2/5/2024 1:56,2/5/2024 14:50,2/5/2024 16:23,A
TXN-0031,Midwest,Enterprise,Bronze,2/1/2024 4:36,2/1/2024 11:09,2/1/2024 18:41,2/6/2024 18:52,2/7/2024 20:00,2/8/2024 4:04,2/8/2024 5:00,A
TXN-0032,West,Premium,Gold,2/1/2024 23:51,2/2/2024 0:57,2/2/2024 13:25,2/5/2024 0:00,2/5/2024 7:48,2/5/2024 13:04,2/5/2024 14:27,A
TXN-0033,Northeast,Enterprise,Bronze,2/5/2024 9:20,2/5/2024 16:15,2/6/2024 14:38,2/9/2024 5:43,2/12/2024 17:43,2/13/2024 8:33,2/13/2024 16:19,A
TXN-0034,Northeast,Standard,Silver,2/5/2024 3:08,2/5/2024 5:22,2/5/2024 14:40,2/6/2024 23:14,2/7/2024 6:00,2/7/2024 9:22,2/7/2024 13:49,A
TXN-0035,West,Premium,Bronze,2/5/2024 7:02,2/5/2024 9:06,2/6/2024 8:24,2/7/2024 15:08,2/9/2024 10:20,2/9/2024 16:41,2/9/2024 17:52,A
TXN-0036,Southeast,Enterprise,Silver,2/6/2024 11:21,2/6/2024 15:51,2/7/2024 4:28,2/12/2024 2:34,2/13/2024 5:35,2/13/2024 12:12,2/13/2024 13:20,A
TXN-0037,West,Standard,Silver,2/7/2024 22:08,2/8/2024 5:59,2/12/2024 2:57,2/14/2024 13:21,2/14/2024 20:20,2/15/2024 2:20,2/15/2024 3:13,A
TXN-0038,Midwest,Premium,Silver,2/8/2024 23:22,2/9/2024 1:09,2/9/2024 14:45,2/15/2024 14:01,2/15/2024 19:24,2/16/2024 3:07,2/16/2024 3:52,A
TXN-0039,Southeast,Premium,Gold,2/9/2024 19:17,2/9/2024 22:56,2/12/2024 20:22,2/13/2024 22:08,2/14/2024 7:10,2/14/2024 10:14,2/14/2024 14:32,A
TXN-0040,Southeast,Premium,Gold,2/12/2024 22:25,2/13/2024 4:40,2/13/2024 14:59,2/22/2024 8:29,2/22/2024 18:34,2/22/2024 22:53,2/23/2024 0:27,A
TXN-0041,Midwest,Enterprise,Gold,2/12/2024 17:20,2/12/2024 18:35,2/13/2024 2:54,2/14/2024 14:55,2/15/2024 2:34,2/15/2024 10:31,2/15/2024 12:19,A
TXN-0042,West,Standard,Gold,2/12/2024 14:27,2/12/2024 17:10,2/12/2024 23:52,2/19/2024 2:43,2/19/2024 10:37,2/19/2024 15:49,2/19/2024 17:30,A
TXN-0043,Southeast,Standard,Gold,2/13/2024 11:10,2/13/2024 13:29,2/14/2024 10:03,2/15/2024 2:08,2/15/2024 13:36,2/15/2024 21:19,2/16/2024 1:47,A
TXN-0044,Midwest,Premium,Gold,2/14/2024 17:01,2/14/2024 19:03,2/15/2024 18:13,2/19/2024 3:52,2/19/2024 9:32,2/19/2024 11:34,2/19/2024 12:47,A
TXN-0045,West,Premium,Bronze,2/15/2024 17:10,2/15/2024 18:29,2/15/2024 23:18,2/19/2024 15:40,2/19/2024 22:52,2/20/2024 5:29,2/20/2024 6:30,A
TXN-0046,Midwest,Enterprise,Silver,2/16/2024 14:18,2/16/2024 20:21,2/19/2024 4:58,2/22/2024 0:47,2/22/2024 10:29,2/22/2024 16:37,2/22/2024 17:07,A
TXN-0047,Midwest,Premium,Silver,2/19/2024 19:19,2/19/2024 23:05,2/22/2024 4:05,2/26/2024 17:04,2/27/2024 3:45,2/27/2024 6:13,2/27/2024 7:41,A
TXN-0048,Northeast,Standard,Gold,2/19/2024 1:23,2/19/2024 4:17,2/21/2024 6:37,2/28/2024 14:01,2/28/2024 22:00,2/29/2024 1:01,2/29/2024 2:42,A
TXN-0049,Midwest,Standard,Bronze,2/19/2024 18:32,2/19/2024 23:17,2/22/2024 11:14,2/26/2024 9:36,2/27/2024 18:40,2/27/2024 20:40,2/27/2024 21:27,A
TXN-0050,Southeast,Standard,Bronze,2/21/2024 3:35,2/21/2024 5:16,2/22/2024 1:35,2/23/2024 12:13,2/23/2024 17:48,2/26/2024 9:00,2/26/2024 11:26,A
TXN-0051,West,Premium,Bronze,2/21/2024 23:49,2/22/2024 3:53,2/23/2024 9:43,2/26/2024 12:51,2/26/2024 17:01,2/26/2024 20:37,2/26/2024 21:41,A
TXN-0052,West,Standard,Silver,2/22/2024 18:25,2/22/2024 20:01,2/23/2024 18:29,2/26/2024 22:34,2/27/2024 14:17,2/27/2024 17:29,2/27/2024 18:28,A
TXN-0053,Northeast,Enterprise,Bronze,2/26/2024 1:30,2/26/2024 6:20,2/26/2024 12:43,2/29/2024 0:22,2/29/2024 4:59,2/29/2024 22:43,3/1/2024 0:28,A
TXN-0054,Northeast,Standard,Gold,2/26/2024 2:11,2/26/2024 5:02,2/27/2024 4:28,2/27/2024 20:47,2/28/2024 8:35,2/28/2024 16:11,2/28/2024 17:49,A
TXN-0055,Midwest,Premium,Gold,2/26/2024 7:45,2/26/2024 13:26,2/26/2024 19:56,3/4/2024 15:08,3/4/2024 22:13,3/5/2024 5:29,3/5/2024 7:19,A
TXN-0056,West,Premium,Bronze,2/27/2024 14:08,2/27/2024 16:34,2/29/2024 4:59,3/1/2024 4:30,3/1/2024 10:44,3/1/2024 16:17,3/1/2024 17:31,A
TXN-0057,Southeast,Enterprise,Silver,2/28/2024 13:09,2/29/2024 1:09,2/29/2024 20:11,3/1/2024 22:07,3/4/2024 2:14,3/4/2024 8:45,3/4/2024 11:17,A
TXN-0058,Midwest,Standard,Silver,2/29/2024 7:49,2/29/2024 15:17,3/4/2024 8:19,3/7/2024 3:09,3/7/2024 14:10,3/7/2024 22:08,3/7/2024 23:19,A
TXN-0059,Northeast,Standard,Gold,3/1/2024 4:10,3/1/2024 5:15,3/4/2024 1:03,3/6/2024 6:15,3/6/2024 23:00,3/7/2024 7:15,3/7/2024 11:40,A
TXN-0060,Midwest,Premium,Gold,3/4/2024 0:37,3/4/2024 2:10,3/6/2024 1:12,3/11/2024 7:36,3/11/2024 18:13,3/11/2024 21:05,3/12/2024 1:49,A
TXN-0061,Northeast,Premium,Bronze,3/4/2024 11:32,3/4/2024 13:31,3/6/2024 2:29,3/8/2024 1:29,3/8/2024 9:20,3/8/2024 15:30,3/8/2024 19:46,A
TXN-0062,Midwest,Enterprise,Gold,3/4/2024 14:52,3/4/2024 17:53,3/5/2024 6:43,3/8/2024 18:40,3/11/2024 0:39,3/11/2024 3:41,3/11/2024 4:39,A
TXN-0063,West,Enterprise,Bronze,3/5/2024 16:25,3/5/2024 18:51,3/6/2024 7:06,3/8/2024 18:46,3/11/2024 5:33,3/11/2024 16:13,3/11/2024 17:24,A
TXN-0064,Northeast,Standard,Bronze,3/6/2024 14:54,3/6/2024 16:07,3/11/2024 3:49,3/13/2024 11:23,3/14/2024 10:14,3/14/2024 18:42,3/14/2024 20:34,A
TXN-0065,Southeast,Standard,Bronze,3/7/2024 7:25,3/7/2024 10:09,3/7/2024 14:50,3/8/2024 4:25,3/8/2024 10:09,3/11/2024 0:42,3/11/2024 1:53,A
TXN-0066,Northeast,Enterprise,Silver,3/8/2024 0:26,3/8/2024 2:07,3/8/2024 20:33,3/11/2024 0:03,3/11/2024 5:38,3/12/2024 3:21,3/12/2024 5:12,A
TXN-0067,Southeast,Standard,Gold,3/11/2024 1:09,3/11/2024 7:46,3/12/2024 22:13,3/15/2024 8:18,3/15/2024 15:20,3/18/2024 5:53,3/18/2024 6:54,A
TXN-0068,Southeast,Enterprise,Gold,3/11/2024 22:32,3/12/2024 0:31,3/13/2024 23:23,3/20/2024 8:38,3/20/2024 17:33,3/20/2024 20:11,3/20/2024 22:02,A
TXN-0069,West,Enterprise,Gold,3/11/2024 2:48,3/11/2024 4:06,3/11/2024 13:17,3/12/2024 1:51,3/12/2024 13:48,3/13/2024 10:51,3/13/2024 12:14,A
TXN-0070,Northeast,Standard,Bronze,3/12/2024 2:39,3/12/2024 3:46,3/12/2024 14:40,3/13/2024 12:33,3/13/2024 22:30,3/14/2024 13:30,3/14/2024 14:28,A
TXN-0071,Northeast,Premium,Gold,3/12/2024 22:00,3/13/2024 10:36,3/14/2024 8:38,3/14/2024 21:09,3/15/2024 5:43,3/15/2024 14:47,3/15/2024 16:22,A
TXN-0072,Northeast,Enterprise,Silver,3/14/2024 4:59,3/14/2024 12:39,3/15/2024 1:03,3/18/2024 22:12,3/19/2024 4:04,3/19/2024 18:01,3/19/2024 18:37,A
TXN-0073,Southeast,Enterprise,Silver,3/15/2024 1:09,3/15/2024 5:04,3/18/2024 9:48,3/25/2024 16:32,3/26/2024 0:08,3/26/2024 19:55,3/26/2024 21:50,A
TXN-0074,Southeast,Premium,Gold,3/18/2024 4:06,3/18/2024 6:13,3/19/2024 4:43,3/25/2024 14:21,3/26/2024 5:46,3/26/2024 12:09,3/26/2024 14:06,A
TXN-0075,West,Standard,Gold,3/18/2024 1:24,3/18/2024 5:21,3/19/2024 7:08,3/21/2024 1:55,3/21/2024 17:01,3/21/2024 22:09,3/22/2024 1:35,A
TXN-0076,Southeast,Enterprise,Silver,3/18/2024 18:11,3/18/2024 21:51,3/21/2024 3:09,3/25/2024 18:16,3/26/2024 19:24,3/27/2024 2:22,3/27/2024 3:34,A
TXN-0077,West,Premium,Silver,3/18/2024 22:00,3/19/2024 1:38,3/19/2024 21:25,3/21/2024 15:28,3/22/2024 9:48,3/22/2024 16:53,3/22/2024 23:17,A
TXN-0078,West,Standard,Gold,3/19/2024 13:59,3/19/2024 21:46,3/20/2024 20:21,3/27/2024 21:47,3/28/2024 6:27,3/28/2024 11:25,3/28/2024 12:10,A
TXN-0079,West,Standard,Silver,3/20/2024 16:22,3/20/2024 18:23,3/21/2024 6:54,3/25/2024 5:02,3/25/2024 10:01,3/25/2024 23:29,3/26/2024 1:14,A
TXN-0080,Southeast,Premium,Bronze,3/21/2024 7:51,3/21/2024 14:43,3/22/2024 1:10,3/22/2024 23:39,3/25/2024 1:20,3/25/2024 6:25,3/25/2024 7:01,A
TXN-0081,Midwest,Premium,Gold,3/22/2024 16:45,3/22/2024 19:05,3/25/2024 10:01,3/26/2024 1:10,3/26/2024 11:36,3/26/2024 18:52,3/26/2024 20:39,A
TXN-0082,Midwest,Standard,Silver,3/25/2024 5:59,3/25/2024 9:04,3/25/2024 14:13,3/28/2024 9:42,3/28/2024 14:37,3/28/2024 18:30,3/28/2024 19:55,A
TXN-0083,Southeast,Enterprise,Silver,3/25/2024 22:54,3/26/2024 1:52,3/27/2024 0:49,4/1/2024 0:48,4/2/2024 1:53,4/2/2024 6:22,4/2/2024 6:54,A
TXN-0084,West,Standard,Bronze,3/25/2024 21:48,3/25/2024 23:12,3/26/2024 11:27,3/27/2024 1:35,3/28/2024 3:53,3/28/2024 23:28,3/29/2024 0:53,A
TXN-0085,Southeast,Premium,Silver,3/26/2024 6:56,3/26/2024 8:33,3/27/2024 3:30,3/27/2024 12:00,3/28/2024 11:24,3/28/2024 14:42,3/28/2024 16:18,A
TXN-0086,Midwest,Enterprise,Gold,3/27/2024 0:21,3/27/2024 2:51,3/28/2024 12:14,4/1/2024 3:56,4/1/2024 13:27,4/1/2024 20:09,4/2/2024 0:38,A
TXN-0087,Northeast,Standard,Gold,3/28/2024 3:26,3/28/2024 6:49,4/1/2024 4:24,4/5/2024 11:34,4/5/2024 21:33,4/8/2024 18:35,4/8/2024 19:56,A
TXN-0088,Northeast,Premium,Gold,3/28/2024 19:20,3/29/2024 3:26,4/1/2024 14:25,4/2/2024 5:31,4/2/2024 21:19,4/3/2024 12:04,4/3/2024 14:01,A
TXN-0089,West,Enterprise,Bronze,3/29/2024 16:07,3/29/2024 19:25,4/1/2024 4:29,4/2/2024 18:36,4/3/2024 1:01,4/3/2024 6:53,4/3/2024 8:56,A
TXN-0090,Midwest,Premium,Bronze,4/1/2024 23:23,4/2/2024 11:29,4/3/2024 5:53,4/3/2024 15:29,4/4/2024 3:05,4/4/2024 9:39,4/4/2024 11:47,A
TXN-0091,Midwest,Standard,Silver,4/1/2024 3:37,4/1/2024 7:11,4/3/2024 5:11,4/5/2024 23:43,4/8/2024 5:05,4/8/2024 13:46,4/8/2024 14:19,A
TXN-0092,Southeast,Enterprise,Bronze,4/1/2024 21:22,4/2/2024 4:56,4/3/2024 2:49,4/4/2024 4:00,4/4/2024 11:38,4/4/2024 17:18,4/4/2024 18:07,A
TXN-0093,Southeast,Enterprise,Gold,4/3/2024 1:45,4/3/2024 6:51,4/3/2024 20:28,4/5/2024 18:09,4/8/2024 3:17,4/8/2024 5:36,4/8/2024 6:35,A
TXN-0094,Northeast,Premium,Silver,4/3/2024 23:47,4/4/2024 9:01,4/5/2024 0:32,4/5/2024 21:02,4/8/2024 1:26,4/9/2024 6:03,4/9/2024 7:40,A
TXN-0095,West,Enterprise,Bronze,4/4/2024 16:15,4/4/2024 19:05,4/5/2024 15:10,4/12/2024 9:11,4/12/2024 14:25,4/12/2024 23:18,4/15/2024 0:51,A
TXN-0096,Midwest,Enterprise,Bronze,4/8/2024 2:48,4/8/2024 5:44,4/9/2024 20:18,4/10/2024 16:53,4/11/2024 3:48,4/11/2024 6:28,4/11/2024 10:24,A
TXN-0097,Midwest,Premium,Silver,4/8/2024 22:06,4/9/2024 0:51,4/9/2024 14:26,4/11/2024 12:21,4/11/2024 18:14,4/12/2024 7:39,4/12/2024 9:27,A
TXN-0098,West,Enterprise,Gold,4/8/2024 4:02,4/8/2024 12:37,4/9/2024 4:29,4/10/2024 2:49,4/11/2024 4:02,4/11/2024 11:06,4/11/2024 12:44,A
TXN-0099,West,Enterprise,Bronze,4/9/2024 7:25,4/9/2024 9:11,4/10/2024 6:50,4/15/2024 2:07,4/15/2024 11:49,4/15/2024 23:23,4/16/2024 1:19,A
TXN-0100,Midwest,Standard,Bronze,4/10/2024 9:40,4/10/2024 13:35,4/11/2024 9:15,4/15/2024 5:45,4/15/2024 16:06,4/15/2024 20:44,4/16/2024 2:59,A
TXN-0101,West,Enterprise,Bronze,4/11/2024 8:00,4/11/2024 11:46,4/11/2024 20:31,4/15/2024 20:03,4/16/2024 3:21,4/16/2024 10:34,4/16/2024 12:23,A
TXN-0102,West,Premium,Gold,4/12/2024 3:19,4/12/2024 5:33,4/15/2024 5:50,4/18/2024 10:32,4/18/2024 22:57,4/19/2024 3:10,4/19/2024 6:07,A
TXN-0103,Northeast,Standard,Bronze,4/15/2024 5:13,4/15/2024 12:46,4/15/2024 22:03,4/17/2024 0:08,4/17/2024 8:24,4/17/2024 16:10,4/17/2024 20:33,A
TXN-0104,Southeast,Premium,Gold,4/15/2024 2:05,4/15/2024 5:39,4/15/2024 22:45,4/17/2024 1:29,4/17/2024 11:40,4/18/2024 6:35,4/18/2024 7:15,A
TXN-0105,Northeast,Premium,Bronze,4/15/2024 9:23,4/15/2024 12:27,4/16/2024 8:23,4/17/2024 6:51,4/17/2024 23:13,4/18/2024 1:59,4/18/2024 2:56,A
TXN-0106,Midwest,Enterprise,Gold,4/16/2024 6:00,4/16/2024 7:28,4/17/2024 5:13,4/24/2024 18:58,4/25/2024 6:14,4/25/2024 11:10,4/25/2024 13:08,A
TXN-0107,Midwest,Premium,Silver,4/17/2024 7:23,4/17/2024 16:00,4/18/2024 22:41,4/22/2024 9:29,4/22/2024 16:46,4/23/2024 5:38,4/23/2024 6:14,A
TXN-0108,Southeast,Standard,Bronze,4/18/2024 14:45,4/18/2024 16:45,4/19/2024 10:14,4/22/2024 21:08,4/23/2024 5:37,4/23/2024 11:04,4/23/2024 12:37,A
TXN-0109,West,Enterprise,Silver,4/19/2024 6:42,4/19/2024 9:32,4/19/2024 18:00,4/22/2024 8:04,4/23/2024 9:36,4/23/2024 15:33,4/23/2024 17:31,A
TXN-0110,Northeast,Premium,Silver,4/22/2024 9:54,4/22/2024 13:29,4/23/2024 4:04,4/24/2024 16:53,4/26/2024 13:38,4/29/2024 10:18,4/29/2024 14:05,A
TXN-0111,Midwest,Enterprise,Gold,4/22/2024 10:10,4/22/2024 13:10,4/24/2024 11:07,4/26/2024 5:03,4/29/2024 23:37,4/30/2024 2:20,4/30/2024 3:50,A
TXN-0112,Midwest,Standard,Silver,4/22/2024 11:28,4/22/2024 14:10,4/23/2024 8:25,4/25/2024 19:06,4/25/2024 23:30,4/26/2024 19:50,4/26/2024 20:29,A
TXN-0113,West,Standard,Silver,4/23/2024 15:30,4/23/2024 21:58,4/24/2024 15:33,5/1/2024 21:07,5/2/2024 1:42,5/2/2024 8:29,5/2/2024 10:27,A
TXN-0114,Northeast,Enterprise,Gold,4/24/2024 10:38,4/24/2024 11:39,4/29/2024 5:33,5/1/2024 23:42,5/3/2024 0:12,5/3/2024 3:24,5/3/2024 8:53,A
TXN-0115,Northeast,Standard,Gold,4/25/2024 20:10,4/26/2024 3:10,4/26/2024 8:31,5/1/2024 16:58,5/3/2024 5:14,5/3/2024 7:31,5/3/2024 8:52,A
TXN-0116,Southeast,Premium,Gold,4/29/2024 2:01,4/29/2024 3:30,4/29/2024 23:18,5/9/2024 7:48,5/10/2024 1:28,5/10/2024 7:01,5/10/2024 8:23,A
TXN-0117,West,Standard,Silver,4/29/2024 21:43,4/29/2024 23:16,4/30/2024 4:18,5/2/2024 6:22,5/2/2024 16:29,5/2/2024 21:31,5/2/2024 23:22,A
TXN-0118,Northeast,Enterprise,Gold,4/29/2024 18:46,4/29/2024 20:45,5/1/2024 22:05,5/9/2024 14:44,5/10/2024 11:27,5/13/2024 6:23,5/13/2024 11:27,A
TXN-0119,Northeast,Premium,Bronze,4/29/2024 20:49,4/29/2024 23:20,4/30/2024 21:54,5/3/2024 13:04,5/6/2024 1:31,5/7/2024 4:06,5/7/2024 5:04,A
TXN-0120,Midwest,Standard,Gold,4/30/2024 21:30,4/30/2024 23:50,5/1/2024 18:23,5/6/2024 21:34,5/7/2024 7:04,5/7/2024 9:49,5/7/2024 11:32,A
TXN-0121,Northeast,Premium,Silver,5/1/2024 14:55,5/1/2024 17:04,5/1/2024 22:19,5/3/2024 10:13,5/6/2024 22:48,5/7/2024 4:43,5/7/2024 6:42,A
TXN-0122,Southeast,Premium,Bronze,5/2/2024 15:45,5/2/2024 16:59,5/6/2024 17:27,5/9/2024 6:59,5/9/2024 17:17,5/10/2024 21:28,5/10/2024 23:10,A
TXN-0123,Northeast,Standard,Bronze,5/6/2024 1:46,5/6/2024 4:49,5/6/2024 15:12,5/8/2024 3:20,5/8/2024 9:58,5/8/2024 16:21,5/8/2024 21:04,A
TXN-0124,Midwest,Premium,Gold,5/6/2024 23:44,5/7/2024 2:47,5/7/2024 7:37,5/9/2024 19:03,5/10/2024 5:54,5/10/2024 10:01,5/10/2024 11:06,A
TXN-0125,West,Enterprise,Silver,5/6/2024 1:42,5/6/2024 4:16,5/6/2024 8:41,5/8/2024 0:27,5/8/2024 10:00,5/9/2024 10:58,5/9/2024 11:53,A
TXN-0126,West,Premium,Gold,5/6/2024 18:36,5/7/2024 0:03,5/7/2024 8:39,5/7/2024 17:51,5/8/2024 10:00,5/8/2024 17:27,5/8/2024 19:51,A
TXN-0127,West,Enterprise,Gold,5/7/2024 17:55,5/7/2024 21:52,5/8/2024 17:25,5/16/2024 19:02,5/16/2024 23:56,5/17/2024 5:48,5/17/2024 9:11,A
TXN-0128,West,Standard,Bronze,5/8/2024 22:43,5/9/2024 1:44,5/13/2024 5:27,5/14/2024 17:28,5/15/2024 9:32,5/15/2024 12:05,5/15/2024 12:41,A
TXN-0129,West,Enterprise,Gold,5/10/2024 0:52,5/10/2024 4:43,5/13/2024 4:05,5/15/2024 13:58,5/15/2024 18:41,5/15/2024 21:39,5/15/2024 23:11,A
TXN-0130,West,Enterprise,Gold,5/13/2024 0:39,5/13/2024 13:12,5/14/2024 5:10,5/17/2024 10:26,5/17/2024 14:34,5/17/2024 19:13,5/17/2024 20:16,A
TXN-0131,Northeast,Enterprise,Bronze,5/13/2024 23:58,5/14/2024 2:38,5/14/2024 16:32,5/20/2024 11:29,5/20/2024 21:11,5/21/2024 2:48,5/21/2024 3:47,A
TXN-0132,Midwest,Standard,Silver,5/13/2024 19:47,5/13/2024 23:40,5/15/2024 1:46,5/20/2024 13:27,5/20/2024 19:29,5/21/2024 1:31,5/21/2024 2:41,A
TXN-0133,Midwest,Enterprise,Silver,5/13/2024 10:20,5/13/2024 23:39,5/14/2024 9:35,5/14/2024 18:56,5/15/2024 9:37,5/15/2024 15:47,5/15/2024 20:09,A
TXN-0134,Southeast,Enterprise,Silver,5/14/2024 4:34,5/14/2024 8:46,5/15/2024 3:04,5/16/2024 19:14,5/17/2024 6:03,5/17/2024 13:32,5/17/2024 14:25,A
TXN-0135,Northeast,Standard,Silver,5/15/2024 10:28,5/15/2024 13:13,5/16/2024 4:36,5/17/2024 13:38,5/17/2024 23:24,5/20/2024 1:46,5/20/2024 2:49,A
TXN-0136,West,Enterprise,Silver,5/16/2024 7:50,5/16/2024 10:42,5/17/2024 4:38,5/20/2024 21:49,5/21/2024 1:54,5/21/2024 5:54,5/21/2024 7:48,A
TXN-0137,Midwest,Premium,Silver,5/17/2024 11:00,5/17/2024 13:57,5/20/2024 11:04,5/27/2024 14:26,5/27/2024 22:59,5/28/2024 1:24,5/28/2024 2:14,A
TXN-0138,Southeast,Enterprise,Silver,5/20/2024 4:48,5/20/2024 8:17,5/20/2024 17:30,5/30/2024 11:39,5/30/2024 18:53,5/31/2024 17:20,5/31/2024 20:14,A
TXN-0139,Midwest,Premium,Gold,5/20/2024 8:10,5/20/2024 11:17,5/20/2024 15:53,5/21/2024 17:23,5/22/2024 0:26,5/22/2024 5:01,5/22/2024 6:52,A
TXN-0140,Midwest,Standard,Gold,5/20/2024 11:12,5/20/2024 12:20,5/22/2024 12:39,5/27/2024 11:27,5/29/2024 2:16,5/29/2024 4:36,5/29/2024 5:25,A
TXN-0141,Midwest,Premium,Bronze,5/21/2024 15:43,5/22/2024 3:20,5/22/2024 21:54,5/23/2024 13:44,5/23/2024 21:07,5/24/2024 9:22,5/24/2024 10:14,A
TXN-0142,Northeast,Premium,Silver,5/22/2024 6:27,5/22/2024 7:41,5/24/2024 12:29,5/27/2024 14:06,5/27/2024 20:12,5/28/2024 1:22,5/28/2024 2:42,A
TXN-0143,Southeast,Enterprise,Gold,5/23/2024 7:04,5/23/2024 10:32,5/27/2024 1:07,5/30/2024 11:03,5/30/2024 17:13,5/30/2024 21:19,5/30/2024 21:58,A
TXN-0144,Southeast,Enterprise,Silver,5/24/2024 4:45,5/24/2024 8:00,5/27/2024 22:00,6/4/2024 4:17,6/4/2024 13:31,6/4/2024 18:25,6/4/2024 19:41,A
TXN-0145,Northeast,Enterprise,Bronze,5/27/2024 4:48,5/27/2024 8:24,5/28/2024 8:25,5/30/2024 18:51,5/31/2024 4:12,5/31/2024 23:53,6/3/2024 1:35,A
TXN-0146,Southeast,Premium,Silver,5/27/2024 6:57,5/27/2024 8:23,5/27/2024 16:57,6/5/2024 14:42,6/6/2024 18:51,6/6/2024 23:35,6/7/2024 1:23,A
TXN-0147,Midwest,Enterprise,Silver,5/27/2024 12:08,5/28/2024 1:49,5/28/2024 6:52,5/30/2024 0:02,5/31/2024 19:00,6/3/2024 9:40,6/3/2024 10:33,A
TXN-0148,Midwest,Enterprise,Silver,5/28/2024 9:34,5/28/2024 11:30,6/3/2024 0:04,6/7/2024 7:05,6/7/2024 14:29,6/10/2024 1:27,6/10/2024 2:36,A
TXN-0149,Southeast,Enterprise,Silver,5/29/2024 5:27,5/29/2024 9:08,5/30/2024 6:20,5/30/2024 14:55,5/31/2024 2:35,5/31/2024 18:59,5/31/2024 19:52,A
TXN-0150,West,Enterprise,Silver,5/29/2024 22:50,5/30/2024 2:39,6/3/2024 18:15,6/5/2024 7:06,6/5/2024 15:14,6/5/2024 18:55,6/5/2024 20:52,A
TXN-0151,West,Standard,Bronze,5/30/2024 22:46,5/31/2024 1:50,5/31/2024 11:03,6/3/2024 23:14,6/4/2024 6:53,6/4/2024 15:30,6/4/2024 19:15,A
TXN-0152,Southeast,Enterprise,Bronze,6/3/2024 1:39,6/3/2024 4:05,6/5/2024 22:47,6/6/2024 19:20,6/10/2024 1:36,6/11/2024 7:48,6/11/2024 14:00,A
TXN-0153,Northeast,Standard,Gold,6/3/2024 21:44,6/4/2024 0:17,6/4/2024 12:41,6/7/2024 12:36,6/7/2024 17:01,6/7/2024 22:32,6/7/2024 23:49,A
TXN-0154,West,Standard,Silver,6/3/2024 5:00,6/3/2024 7:50,6/4/2024 7:20,6/6/2024 9:51,6/6/2024 14:58,6/7/2024 11:10,6/7/2024 13:57,A
TXN-0155,Midwest,Standard,Bronze,6/4/2024 13:24,6/4/2024 15:02,6/6/2024 23:22,6/10/2024 4:38,6/10/2024 14:12,6/10/2024 19:08,6/10/2024 22:46,A
TXN-0156,West,Premium,Silver,6/5/2024 13:15,6/5/2024 17:13,6/6/2024 6:50,6/7/2024 0:26,6/7/2024 10:29,6/7/2024 18:39,6/7/2024 20:06,A
TXN-0157,Midwest,Enterprise,Gold,6/6/2024 3:12,6/6/2024 5:56,6/6/2024 18:54,6/7/2024 14:01,6/7/2024 19:14,6/10/2024 11:30,6/10/2024 16:31,A
TXN-0158,West,Enterprise,Silver,6/7/2024 13:00,6/7/2024 14:27,6/7/2024 23:35,6/17/2024 11:18,6/17/2024 16:19,6/17/2024 22:31,6/17/2024 23:02,A
TXN-0159,Northeast,Standard,Bronze,6/10/2024 3:50,6/10/2024 7:00,6/11/2024 14:56,6/13/2024 19:35,6/17/2024 1:41,6/17/2024 5:50,6/17/2024 7:38,A
TXN-0160,Midwest,Enterprise,Bronze,6/10/2024 5:31,6/10/2024 10:10,6/10/2024 21:31,6/12/2024 22:54,6/13/2024 4:28,6/13/2024 8:39,6/13/2024 11:08,A
TXN-0161,Northeast,Premium,Bronze,6/10/2024 8:58,6/10/2024 12:17,6/10/2024 16:32,6/12/2024 13:45,6/12/2024 22:23,6/13/2024 13:20,6/13/2024 14:15,A
TXN-0162,Midwest,Premium,Silver,6/11/2024 5:01,6/11/2024 8:51,6/12/2024 7:58,6/17/2024 9:41,6/17/2024 20:23,6/17/2024 23:01,6/17/2024 23:32,A
TXN-0163,Midwest,Enterprise,Gold,6/11/2024 15:55,6/11/2024 19:00,6/12/2024 8:59,6/18/2024 16:23,6/19/2024 3:10,6/19/2024 6:09,6/19/2024 7:39,A
TXN-0164,Midwest,Premium,Bronze,6/12/2024 15:27,6/13/2024 0:55,6/13/2024 18:18,6/17/2024 6:27,6/17/2024 10:59,6/18/2024 0:11,6/18/2024 6:09,A
TXN-0165,Southeast,Premium,Gold,6/13/2024 17:03,6/13/2024 23:40,6/14/2024 19:59,6/17/2024 5:19,6/17/2024 13:44,6/17/2024 23:40,6/18/2024 1:26,A
TXN-0166,Midwest,Enterprise,Silver,7/1/2024 15:10,7/1/2024 15:40,7/2/2024 0:29,7/2/2024 23:24,7/3/2024 2:14,7/3/2024 5:19,7/3/2024 6:02,B
TXN-0167,West,Standard,Bronze,7/2/2024 10:10,7/2/2024 11:02,7/2/2024 19:43,7/3/2024 10:44,7/3/2024 16:42,7/3/2024 19:12,7/3/2024 20:02,B
TXN-0168,West,Premium,Gold,7/3/2024 16:12,7/3/2024 19:26,7/3/2024 23:28,7/5/2024 5:42,7/5/2024 8:22,7/5/2024 9:42,7/5/2024 10:32,B
TXN-0169,Midwest,Premium,Silver,7/4/2024 16:00,7/4/2024 17:16,7/4/2024 21:06,7/5/2024 5:35,7/5/2024 13:04,7/5/2024 15:33,7/5/2024 16:30,B
TXN-0170,Southeast,Enterprise,Gold,7/5/2024 15:22,7/5/2024 17:22,7/8/2024 4:35,7/8/2024 15:28,7/8/2024 18:13,7/8/2024 20:27,7/8/2024 20:59,B
TXN-0171,Southeast,Premium,Silver,7/8/2024 16:23,7/8/2024 18:20,7/9/2024 5:55,7/10/2024 0:54,7/10/2024 3:15,7/10/2024 4:54,7/10/2024 5:26,B
TXN-0172,West,Enterprise,Silver,7/8/2024 11:33,7/8/2024 12:53,7/10/2024 4:30,7/10/2024 23:56,7/11/2024 5:52,7/11/2024 7:51,7/11/2024 9:57,B
TXN-0173,Midwest,Premium,Silver,7/8/2024 10:27,7/8/2024 11:21,7/8/2024 16:59,7/9/2024 3:22,7/9/2024 6:09,7/9/2024 7:47,7/9/2024 8:28,B
TXN-0174,Northeast,Premium,Bronze,7/9/2024 3:42,7/9/2024 5:13,7/9/2024 8:09,7/10/2024 3:50,7/10/2024 6:22,7/10/2024 8:41,7/10/2024 9:23,B
TXN-0175,West,Standard,Silver,7/10/2024 5:34,7/10/2024 10:09,7/11/2024 9:42,7/11/2024 17:31,7/11/2024 22:26,7/11/2024 23:38,7/12/2024 0:26,B
TXN-0176,Southeast,Standard,Silver,7/11/2024 4:32,7/11/2024 5:29,7/11/2024 12:40,7/12/2024 0:17,7/12/2024 15:28,7/12/2024 19:28,7/12/2024 20:05,B
TXN-0177,Southeast,Premium,Bronze,7/12/2024 9:10,7/12/2024 16:49,7/15/2024 3:42,7/15/2024 13:36,7/15/2024 17:05,7/15/2024 20:02,7/15/2024 20:42,B
TXN-0178,Midwest,Enterprise,Bronze,7/15/2024 11:16,7/15/2024 12:19,7/15/2024 23:44,7/16/2024 7:47,7/16/2024 12:15,7/16/2024 21:06,7/16/2024 22:03,B
TXN-0179,Southeast,Standard,Silver,7/15/2024 10:20,7/15/2024 11:42,7/16/2024 2:27,7/16/2024 11:37,7/16/2024 19:24,7/16/2024 23:05,7/16/2024 23:40,B
TXN-0180,West,Standard,Silver,7/15/2024 8:40,7/15/2024 10:23,7/15/2024 18:39,7/16/2024 10:53,7/16/2024 13:48,7/16/2024 17:13,7/16/2024 18:00,B
TXN-0181,Midwest,Standard,Bronze,7/16/2024 10:48,7/16/2024 14:52,7/16/2024 19:29,7/17/2024 4:39,7/17/2024 7:48,7/17/2024 14:18,7/17/2024 15:16,B
TXN-0182,West,Standard,Silver,7/17/2024 2:51,7/17/2024 3:38,7/17/2024 6:48,7/17/2024 14:31,7/17/2024 17:55,7/17/2024 19:49,7/17/2024 20:20,B
TXN-0183,Midwest,Standard,Bronze,7/18/2024 4:43,7/18/2024 5:43,7/18/2024 11:21,7/19/2024 5:48,7/19/2024 9:21,7/19/2024 10:56,7/19/2024 11:27,B
TXN-0184,Midwest,Premium,Gold,7/18/2024 22:26,7/19/2024 1:48,7/19/2024 12:57,7/22/2024 10:11,7/22/2024 15:08,7/22/2024 16:47,7/22/2024 17:26,B
TXN-0185,Southeast,Premium,Silver,7/22/2024 2:22,7/22/2024 3:21,7/22/2024 14:40,7/23/2024 8:45,7/23/2024 12:27,7/23/2024 14:19,7/23/2024 15:19,B
TXN-0186,West,Enterprise,Bronze,7/22/2024 1:26,7/22/2024 2:43,7/22/2024 10:07,7/22/2024 19:44,7/22/2024 22:49,7/23/2024 1:28,7/23/2024 2:11,B
TXN-0187,Midwest,Standard,Silver,7/22/2024 0:11,7/22/2024 1:34,7/22/2024 6:18,7/23/2024 2:07,7/23/2024 7:29,7/23/2024 10:57,7/23/2024 11:49,B
TXN-0188,Northeast,Premium,Silver,7/22/2024 23:45,7/23/2024 0:20,7/23/2024 9:25,7/24/2024 5:51,7/24/2024 17:54,7/24/2024 20:15,7/24/2024 20:51,B
TXN-0189,Southeast,Standard,Gold,7/24/2024 2:58,7/24/2024 4:28,7/24/2024 7:57,7/24/2024 15:30,7/24/2024 22:27,7/25/2024 0:41,7/25/2024 1:15,B
TXN-0190,West,Premium,Gold,7/25/2024 8:33,7/25/2024 10:32,7/25/2024 14:15,7/26/2024 1:42,7/26/2024 8:47,7/26/2024 11:29,7/26/2024 12:16,B
TXN-0191,Midwest,Premium,Bronze,7/26/2024 3:39,7/26/2024 4:41,7/26/2024 13:39,7/29/2024 0:30,7/29/2024 4:01,7/29/2024 7:21,7/29/2024 8:18,B
TXN-0192,Midwest,Premium,Bronze,7/29/2024 3:21,7/29/2024 5:14,7/29/2024 7:32,7/29/2024 17:19,7/29/2024 23:15,7/30/2024 0:15,7/30/2024 1:08,B
TXN-0193,Southeast,Premium,Gold,7/29/2024 7:43,7/29/2024 9:02,7/29/2024 11:12,7/29/2024 23:15,7/30/2024 2:05,7/30/2024 3:57,7/30/2024 4:56,B
TXN-0194,Midwest,Standard,Gold,7/29/2024 9:13,7/29/2024 13:21,7/29/2024 18:10,7/30/2024 15:45,7/30/2024 23:11,7/31/2024 2:39,7/31/2024 3:10,B
TXN-0195,Southeast,Premium,Gold,7/30/2024 6:48,7/30/2024 7:43,7/30/2024 18:09,7/31/2024 5:37,7/31/2024 9:41,7/31/2024 12:46,7/31/2024 13:45,B
TXN-0196,Southeast,Standard,Silver,7/31/2024 5:43,7/31/2024 6:27,7/31/2024 11:02,8/1/2024 8:45,8/1/2024 11:43,8/1/2024 13:00,8/1/2024 13:43,B
TXN-0197,Northeast,Standard,Bronze,8/1/2024 3:32,8/1/2024 5:16,8/1/2024 10:39,8/2/2024 5:07,8/2/2024 8:45,8/2/2024 9:54,8/2/2024 10:30,B
TXN-0198,Northeast,Standard,Bronze,8/1/2024 23:33,8/2/2024 0:13,8/2/2024 9:34,8/5/2024 4:21,8/5/2024 10:26,8/5/2024 12:18,8/5/2024 12:54,B
TXN-0199,West,Enterprise,Silver,8/5/2024 5:58,8/5/2024 7:32,8/5/2024 18:40,8/6/2024 12:57,8/6/2024 15:35,8/6/2024 17:36,8/6/2024 18:20,B
TXN-0200,Midwest,Standard,Silver,8/5/2024 22:23,8/5/2024 23:02,8/6/2024 4:28,8/6/2024 11:04,8/6/2024 13:36,8/6/2024 17:25,8/6/2024 18:13,B
TXN-0201,Southeast,Premium,Gold,8/5/2024 19:07,8/5/2024 19:52,8/6/2024 7:39,8/7/2024 2:23,8/7/2024 4:54,8/7/2024 6:37,8/7/2024 7:19,B
TXN-0202,Southeast,Premium,Gold,8/5/2024 15:21,8/5/2024 17:16,8/6/2024 2:02,8/6/2024 7:56,8/6/2024 14:35,8/6/2024 18:20,8/6/2024 19:17,B
TXN-0203,Southeast,Enterprise,Silver,8/6/2024 15:55,8/6/2024 17:45,8/7/2024 1:54,8/7/2024 22:16,8/8/2024 3:52,8/8/2024 6:18,8/8/2024 7:02,B
TXN-0204,Midwest,Enterprise,Silver,8/7/2024 17:14,8/7/2024 18:29,8/7/2024 23:45,8/8/2024 16:39,8/8/2024 20:50,8/9/2024 0:08,8/9/2024 0:45,B
TXN-0205,Midwest,Premium,Silver,8/8/2024 13:17,8/8/2024 14:30,8/8/2024 18:52,8/9/2024 8:12,8/9/2024 11:12,8/9/2024 13:49,8/9/2024 14:32,B
TXN-0206,West,Premium,Silver,8/9/2024 13:10,8/9/2024 14:42,8/9/2024 19:48,8/12/2024 2:37,8/12/2024 7:26,8/12/2024 9:03,8/12/2024 9:53,B
TXN-0207,Northeast,Premium,Gold,8/12/2024 11:23,8/12/2024 13:02,8/12/2024 22:00,8/13/2024 5:43,8/13/2024 8:37,8/13/2024 11:42,8/13/2024 12:22,B
TXN-0208,West,Premium,Silver,8/12/2024 14:33,8/12/2024 15:42,8/13/2024 3:35,8/13/2024 14:34,8/13/2024 20:21,8/13/2024 22:56,8/13/2024 23:43,B
TXN-0209,Northeast,Premium,Bronze,8/12/2024 19:01,8/12/2024 20:25,8/13/2024 7:31,8/14/2024 6:06,8/14/2024 9:59,8/14/2024 11:37,8/14/2024 12:14,B
TXN-0210,Southeast,Premium,Silver,8/13/2024 17:32,8/13/2024 18:51,8/13/2024 21:09,8/14/2024 5:15,8/14/2024 11:58,8/14/2024 13:56,8/14/2024 14:30,B
TXN-0211,Southeast,Premium,Silver,8/14/2024 20:58,8/14/2024 22:46,8/15/2024 23:33,8/16/2024 21:57,8/19/2024 1:24,8/19/2024 4:11,8/19/2024 4:58,B
TXN-0212,Midwest,Standard,Silver,8/15/2024 21:00,8/15/2024 21:39,8/16/2024 6:40,8/19/2024 5:33,8/19/2024 10:43,8/19/2024 12:35,8/19/2024 13:08,B
TXN-0213,West,Enterprise,Silver,8/16/2024 13:58,8/16/2024 14:56,8/19/2024 4:57,8/19/2024 21:52,8/20/2024 4:39,8/20/2024 6:14,8/20/2024 7:10,B
TXN-0214,Midwest,Enterprise,Bronze,8/19/2024 12:49,8/19/2024 14:10,8/19/2024 18:55,8/20/2024 14:22,8/20/2024 16:39,8/20/2024 17:42,8/20/2024 18:23,B
TXN-0215,Midwest,Premium,Silver,8/19/2024 14:38,8/19/2024 15:19,8/19/2024 17:47,8/20/2024 4:16,8/20/2024 22:52,8/21/2024 1:52,8/21/2024 2:47,B
TXN-0216,Northeast,Enterprise,Silver,8/19/2024 14:37,8/19/2024 15:24,8/19/2024 20:05,8/20/2024 12:39,8/20/2024 17:15,8/20/2024 19:23,8/20/2024 21:45,B
TXN-0217,Midwest,Premium,Bronze,8/20/2024 22:07,8/20/2024 22:51,8/21/2024 1:33,8/21/2024 22:42,8/22/2024 3:39,8/22/2024 5:31,8/22/2024 6:27,B
TXN-0218,Midwest,Enterprise,Gold,8/21/2024 19:47,8/21/2024 20:39,8/22/2024 7:20,8/23/2024 1:47,8/23/2024 5:11,8/23/2024 7:07,8/23/2024 7:57,B
TXN-0219,West,Premium,Gold,8/22/2024 11:21,8/22/2024 12:36,8/22/2024 21:17,8/23/2024 19:10,8/23/2024 23:17,8/26/2024 7:33,8/26/2024 8:07,B
TXN-0220,Midwest,Premium,Silver,8/23/2024 15:56,8/23/2024 17:44,8/26/2024 4:10,8/26/2024 18:13,8/26/2024 22:01,8/27/2024 7:27,8/27/2024 8:24,B
TXN-0221,West,Enterprise,Silver,8/26/2024 14:08,8/26/2024 15:57,8/26/2024 23:16,8/27/2024 11:58,8/27/2024 19:18,8/27/2024 20:20,8/27/2024 21:10,B
TXN-0222,Northeast,Enterprise,Silver,8/26/2024 10:24,8/26/2024 11:34,8/26/2024 19:52,8/27/2024 4:24,8/27/2024 10:02,8/27/2024 11:42,8/27/2024 12:25,B
TXN-0223,Southeast,Enterprise,Gold,8/26/2024 8:39,8/26/2024 10:29,8/26/2024 16:20,8/27/2024 14:46,8/27/2024 18:02,8/27/2024 20:08,8/27/2024 22:09,B
TXN-0224,West,Standard,Bronze,8/27/2024 5:47,8/27/2024 6:37,8/27/2024 13:43,8/27/2024 18:17,8/27/2024 20:50,8/27/2024 22:12,8/27/2024 22:48,B
TXN-0225,Midwest,Premium,Bronze,8/28/2024 6:36,8/28/2024 7:11,8/28/2024 11:58,8/29/2024 6:19,8/29/2024 10:07,8/29/2024 12:31,8/29/2024 13:10,B
TXN-0226,Midwest,Enterprise,Gold,8/29/2024 0:08,8/29/2024 1:10,8/29/2024 6:13,8/30/2024 2:28,8/30/2024 5:26,8/30/2024 8:30,8/30/2024 9:07,B
TXN-0227,Northeast,Enterprise,Bronze,8/29/2024 23:36,8/30/2024 1:21,8/30/2024 3:33,9/2/2024 3:32,9/2/2024 22:42,9/3/2024 2:40,9/3/2024 3:23,B
TXN-0228,West,Enterprise,Bronze,8/30/2024 21:51,8/30/2024 22:59,9/2/2024 10:38,9/2/2024 19:00,9/3/2024 1:34,9/3/2024 7:27,9/3/2024 7:58,B
TXN-0229,Midwest,Standard,Bronze,9/2/2024 21:30,9/2/2024 22:56,9/3/2024 7:56,9/4/2024 3:19,9/4/2024 10:07,9/4/2024 13:26,9/4/2024 14:55,B
TXN-0230,Southeast,Premium,Bronze,9/2/2024 0:48,9/2/2024 4:26,9/2/2024 10:19,9/2/2024 17:29,9/2/2024 21:14,9/2/2024 23:42,9/3/2024 0:32,B
TXN-0231,West,Standard,Gold,9/2/2024 22:58,9/3/2024 0:49,9/3/2024 10:56,9/4/2024 6:03,9/4/2024 10:42,9/4/2024 13:16,9/4/2024 13:48,B
TXN-0232,Midwest,Standard,Silver,9/3/2024 20:45,9/3/2024 21:37,9/4/2024 2:14,9/4/2024 23:12,9/5/2024 2:46,9/5/2024 5:13,9/5/2024 6:01,B
TXN-0233,Midwest,Enterprise,Silver,9/4/2024 18:49,9/4/2024 20:48,9/5/2024 3:24,9/5/2024 17:51,9/5/2024 20:36,9/6/2024 0:34,9/6/2024 1:24,B
TXN-0234,Southeast,Enterprise,Gold,9/5/2024 23:43,9/6/2024 1:05,9/6/2024 4:59,9/6/2024 22:43,9/9/2024 5:21,9/9/2024 8:05,9/9/2024 8:47,B
TXN-0235,Northeast,Premium,Silver,9/9/2024 3:26,9/9/2024 4:25,9/9/2024 8:09,9/9/2024 13:21,9/9/2024 20:39,9/9/2024 21:43,9/9/2024 22:39,B
TXN-0236,Midwest,Standard,Silver,9/9/2024 8:27,9/9/2024 10:18,9/9/2024 18:54,9/10/2024 18:00,9/11/2024 5:48,9/11/2024 9:18,9/11/2024 10:12,B
TXN-0237,West,Enterprise,Bronze,9/9/2024 23:43,9/10/2024 1:32,9/10/2024 12:39,9/10/2024 21:47,9/11/2024 2:00,9/11/2024 5:27,9/11/2024 6:02,B
TXN-0238,Northeast,Premium,Silver,9/10/2024 5:28,9/10/2024 6:10,9/10/2024 11:09,9/11/2024 7:16,9/11/2024 9:32,9/11/2024 13:00,9/11/2024 13:56,B
TXN-0239,Northeast,Enterprise,Silver,9/11/2024 6:50,9/11/2024 7:26,9/11/2024 16:04,9/12/2024 11:48,9/12/2024 17:50,9/12/2024 21:39,9/13/2024 0:01,B
TXN-0240,Southeast,Enterprise,Gold,9/12/2024 12:11,9/12/2024 12:57,9/12/2024 19:50,9/13/2024 13:58,9/16/2024 10:06,9/16/2024 13:05,9/16/2024 13:45,B
TXN-0241,Midwest,Premium,Bronze,9/13/2024 9:55,9/13/2024 10:34,9/13/2024 21:03,9/16/2024 12:32,9/16/2024 14:38,9/16/2024 17:39,9/16/2024 18:27,B
TXN-0242,West,Standard,Silver,9/16/2024 9:39,9/16/2024 11:27,9/16/2024 18:45,9/17/2024 10:59,9/17/2024 16:39,9/17/2024 20:37,9/17/2024 21:33,B
TXN-0243,West,Enterprise,Bronze,9/16/2024 13:21,9/16/2024 14:49,9/16/2024 18:26,9/17/2024 10:21,9/17/2024 16:48,9/17/2024 20:34,9/17/2024 23:03,B
TXN-0244,Southeast,Standard,Silver,9/16/2024 14:23,9/16/2024 16:08,9/16/2024 20:52,9/17/2024 5:40,9/17/2024 8:27,9/17/2024 9:55,9/17/2024 10:43,B
TXN-0245,West,Premium,Gold,9/17/2024 16:25,9/17/2024 17:48,9/18/2024 3:48,9/18/2024 16:23,9/19/2024 2:55,9/19/2024 11:33,9/19/2024 12:10,B
TXN-0246,West,Standard,Silver,9/18/2024 6:43,9/18/2024 7:21,9/18/2024 13:55,9/19/2024 3:44,9/19/2024 7:49,9/19/2024 10:24,9/19/2024 11:05,B
TXN-0247,Southeast,Standard,Bronze,9/19/2024 11:16,9/19/2024 11:47,9/19/2024 20:42,9/20/2024 17:35,9/20/2024 19:43,9/20/2024 21:45,9/20/2024 22:16,B
TXN-0248,Midwest,Standard,Bronze,9/20/2024 6:22,9/20/2024 7:17,9/20/2024 15:28,9/23/2024 4:32,9/23/2024 8:08,9/23/2024 11:05,9/23/2024 11:55,B
TXN-0249,Southeast,Premium,Silver,9/23/2024 6:40,9/23/2024 7:39,9/23/2024 15:52,9/24/2024 6:48,9/24/2024 14:17,9/24/2024 17:05,9/24/2024 17:38,B
TXN-0250,West,Premium,Silver,9/23/2024 10:09,9/23/2024 11:12,9/23/2024 19:56,9/24/2024 1:43,9/24/2024 4:11,9/24/2024 6:26,9/24/2024 8:17,B
TXN-0251,Northeast,Standard,Bronze,9/23/2024 7:57,9/23/2024 9:55,9/23/2024 18:28,9/24/2024 8:06,9/24/2024 10:31,9/24/2024 13:07,9/24/2024 13:43,B
TXN-0252,Midwest,Premium,Gold,9/24/2024 5:45,9/24/2024 6:33,9/24/2024 14:33,9/25/2024 12:27,9/25/2024 19:00,9/25/2024 20:35,9/25/2024 21:32,B
TXN-0253,West,Enterprise,Gold,9/25/2024 11:38,9/25/2024 13:53,9/26/2024 1:25,9/26/2024 19:04,9/26/2024 23:28,9/27/2024 2:07,9/27/2024 2:57,B
TXN-0254,Midwest,Premium,Bronze,9/26/2024 13:21,9/26/2024 15:14,9/26/2024 20:00,9/27/2024 7:21,9/27/2024 13:04,9/27/2024 15:07,9/27/2024 17:19,B
TXN-0255,Southeast,Premium,Bronze,9/27/2024 10:50,9/27/2024 12:27,9/27/2024 18:11,9/27/2024 22:21,9/30/2024 3:00,9/30/2024 5:33,9/30/2024 7:48,B
TXN-0256,West,Standard,Bronze,9/30/2024 10:27,9/30/2024 11:52,9/30/2024 19:19,10/1/2024 18:11,10/1/2024 23:01,10/2/2024 2:15,10/2/2024 3:07,B
TXN-0257,Southeast,Enterprise,Gold,9/30/2024 16:37,9/30/2024 18:31,9/30/2024 21:39,10/1/2024 5:32,10/1/2024 7:37,10/1/2024 10:34,10/1/2024 11:28,B
TXN-0258,Northeast,Standard,Bronze,9/30/2024 23:10,10/1/2024 0:50,10/1/2024 6:05,10/1/2024 20:20,10/2/2024 1:04,10/2/2024 3:06,10/2/2024 3:39,B
TXN-0259,Northeast,Standard,Bronze,10/1/2024 15:47,10/1/2024 19:55,10/2/2024 1:25,10/3/2024 0:56,10/3/2024 6:54,10/3/2024 8:28,10/3/2024 9:19,B
TXN-0260,Southeast,Enterprise,Silver,10/2/2024 15:05,10/2/2024 15:54,10/2/2024 21:17,10/3/2024 7:26,10/3/2024 12:32,10/3/2024 13:42,10/3/2024 15:45,B
TXN-0261,Midwest,Enterprise,Bronze,10/3/2024 23:24,10/4/2024 0:57,10/4/2024 7:21,10/4/2024 23:32,10/7/2024 6:38,10/7/2024 10:10,10/7/2024 10:53,B
TXN-0262,West,Premium,Bronze,10/4/2024 16:03,10/4/2024 17:00,10/7/2024 3:06,10/7/2024 18:25,10/8/2024 0:49,10/8/2024 2:34,10/8/2024 3:20,B
TXN-0263,West,Standard,Bronze,10/7/2024 18:10,10/7/2024 19:06,10/8/2024 7:05,10/8/2024 18:14,10/8/2024 20:42,10/8/2024 21:51,10/8/2024 22:27,B
TXN-0264,Midwest,Enterprise,Bronze,10/7/2024 20:42,10/7/2024 22:30,10/8/2024 4:15,10/8/2024 12:06,10/9/2024 14:22,10/9/2024 17:02,10/9/2024 17:35,B
TXN-0265,Midwest,Premium,Silver,10/7/2024 23:03,10/8/2024 0:06,10/9/2024 5:29,10/9/2024 15:20,10/9/2024 17:22,10/9/2024 21:07,10/9/2024 22:03,B
TXN-0266,Southeast,Enterprise,Gold,10/9/2024 1:38,10/9/2024 3:31,10/9/2024 9:20,10/10/2024 2:11,10/10/2024 9:56,10/10/2024 13:26,10/10/2024 14:01,B
TXN-0267,Midwest,Standard,Silver,10/10/2024 4:52,10/10/2024 6:02,10/10/2024 10:57,10/10/2024 21:02,10/11/2024 1:53,10/11/2024 5:49,10/11/2024 6:40,B
TXN-0268,Midwest,Enterprise,Gold,10/11/2024 2:32,10/11/2024 4:16,10/11/2024 9:01,10/14/2024 7:10,10/14/2024 13:41,10/14/2024 15:10,10/14/2024 16:05,B
TXN-0269,Northeast,Premium,Bronze,10/14/2024 0:55,10/14/2024 1:42,10/14/2024 8:30,10/14/2024 12:42,10/14/2024 18:46,10/14/2024 21:00,10/14/2024 21:33,B
TXN-0270,Northeast,Enterprise,Gold,10/14/2024 2:35,10/14/2024 3:43,10/14/2024 7:16,10/14/2024 13:29,10/14/2024 19:22,10/14/2024 21:19,10/14/2024 22:11,B
TXN-0271,Northeast,Premium,Gold,10/14/2024 0:13,10/14/2024 1:51,10/14/2024 8:23,10/15/2024 8:16,10/15/2024 15:37,10/15/2024 18:18,10/15/2024 18:55,B
TXN-0272,Northeast,Enterprise,Silver,10/15/2024 6:41,10/15/2024 8:33,10/15/2024 18:27,10/16/2024 4:50,10/16/2024 8:34,10/16/2024 9:35,10/16/2024 10:08,B
TXN-0273,Northeast,Enterprise,Silver,10/16/2024 6:38,10/16/2024 7:41,10/16/2024 14:29,10/16/2024 22:16,10/17/2024 3:48,10/17/2024 4:51,10/17/2024 5:23,B
TXN-0274,Northeast,Standard,Silver,10/17/2024 13:38,10/17/2024 14:18,10/17/2024 20:15,10/18/2024 11:58,10/18/2024 18:47,10/18/2024 20:21,10/18/2024 20:52,B
TXN-0275,Northeast,Premium,Gold,10/18/2024 8:09,10/18/2024 9:41,10/18/2024 18:56,10/21/2024 15:51,10/21/2024 20:16,10/21/2024 22:05,10/21/2024 23:03,B
TXN-0276,West,Standard,Bronze,10/21/2024 11:52,10/21/2024 16:19,10/22/2024 3:57,10/25/2024 20:14,10/25/2024 22:23,10/25/2024 23:38,10/28/2024 0:29,B
TXN-0277,Northeast,Premium,Bronze,10/21/2024 16:23,10/21/2024 17:12,10/21/2024 20:36,10/22/2024 17:19,10/22/2024 22:07,10/23/2024 2:02,10/23/2024 2:51,B
TXN-0278,Southeast,Enterprise,Bronze,10/21/2024 14:25,10/21/2024 16:25,10/21/2024 19:47,10/22/2024 5:24,10/22/2024 13:17,10/22/2024 17:03,10/22/2024 19:23,B
TXN-0279,Northeast,Premium,Gold,10/22/2024 8:41,10/22/2024 10:07,10/22/2024 15:05,10/23/2024 9:26,10/23/2024 17:13,10/23/2024 20:38,10/23/2024 21:21,B
TXN-0280,West,Standard,Bronze,10/23/2024 13:16,10/23/2024 14:34,10/24/2024 9:10,10/24/2024 13:38,10/24/2024 18:24,10/24/2024 21:26,10/24/2024 22:23,B
TXN-0281,Midwest,Enterprise,Gold,10/24/2024 9:15,10/24/2024 12:24,10/24/2024 15:10,10/25/2024 7:29,10/25/2024 12:14,10/25/2024 14:13,10/25/2024 14:59,B
TXN-0282,Midwest,Premium,Silver,10/25/2024 12:54,10/25/2024 13:40,10/25/2024 23:33,10/28/2024 13:26,10/28/2024 18:38,10/28/2024 20:38,10/28/2024 21:32,B
TXN-0283,Midwest,Enterprise,Silver,10/28/2024 12:49,10/28/2024 14:04,10/28/2024 23:09,10/29/2024 8:04,10/29/2024 11:50,10/29/2024 14:28,10/29/2024 15:07,B
TXN-0284,Northeast,Standard,Gold,10/28/2024 15:01,10/28/2024 16:47,10/28/2024 21:27,10/29/2024 12:45,10/29/2024 16:52,10/29/2024 20:16,10/29/2024 21:09,B
TXN-0285,West,Premium,Gold,10/28/2024 7:43,10/28/2024 8:28,10/28/2024 15:59,10/29/2024 14:30,10/29/2024 21:32,10/30/2024 0:51,10/30/2024 1:32,B
TXN-0286,Southeast,Enterprise,Bronze,10/29/2024 12:24,10/29/2024 13:38,10/29/2024 19:18,10/31/2024 5:18,10/31/2024 13:06,10/31/2024 20:59,10/31/2024 21:46,B
TXN-0287,Midwest,Premium,Silver,10/30/2024 20:12,10/30/2024 21:31,11/1/2024 1:04,11/1/2024 12:38,11/1/2024 17:53,11/1/2024 19:19,11/1/2024 20:12,B
TXN-0288,Southeast,Premium,Bronze,10/31/2024 17:51,10/31/2024 19:23,11/1/2024 4:50,11/4/2024 8:21,11/4/2024 11:54,11/4/2024 12:56,11/4/2024 13:33,B
TXN-0289,Midwest,Standard,Bronze,11/1/2024 13:59,11/1/2024 15:42,11/1/2024 21:13,11/4/2024 15:47,11/4/2024 17:53,11/4/2024 19:28,11/4/2024 20:01,B
TXN-0290,Midwest,Standard,Bronze,11/4/2024 20:47,11/4/2024 21:51,11/5/2024 6:33,11/5/2024 23:04,11/6/2024 4:20,11/6/2024 5:58,11/6/2024 7:36,B
TXN-0291,Midwest,Standard,Gold,11/4/2024 20:08,11/4/2024 20:58,11/5/2024 6:18,11/5/2024 15:07,11/5/2024 21:15,11/5/2024 22:58,11/5/2024 23:55,B
TXN-0292,Northeast,Standard,Bronze,11/4/2024 16:05,11/4/2024 17:30,11/5/2024 4:38,11/5/2024 21:19,11/6/2024 4:47,11/6/2024 7:12,11/6/2024 7:50,B
TXN-0293,Southeast,Standard,Gold,11/5/2024 6:33,11/5/2024 8:11,11/5/2024 10:50,11/6/2024 7:12,11/6/2024 10:26,11/6/2024 13:33,11/6/2024 14:29,B
TXN-0294,Northeast,Enterprise,Bronze,11/6/2024 11:32,11/6/2024 13:08,11/6/2024 22:17,11/7/2024 4:05,11/7/2024 7:24,11/7/2024 11:07,11/7/2024 11:42,B
TXN-0295,Northeast,Enterprise,Bronze,11/7/2024 18:39,11/7/2024 20:22,11/8/2024 3:29,11/11/2024 3:18,11/11/2024 6:33,11/11/2024 13:28,11/11/2024 15:09,B
TXN-0296,Northeast,Enterprise,Gold,11/8/2024 13:08,11/8/2024 13:39,11/11/2024 1:15,11/11/2024 23:51,11/12/2024 4:54,11/12/2024 7:04,11/12/2024 7:38,B
TXN-0297,Midwest,Premium,Gold,11/11/2024 13:11,11/11/2024 13:41,11/11/2024 23:49,11/12/2024 20:11,11/13/2024 3:58,11/13/2024 5:06,11/13/2024 5:45,B
TXN-0298,Northeast,Enterprise,Bronze,11/11/2024 18:33,11/11/2024 19:26,11/12/2024 2:26,11/12/2024 14:08,11/12/2024 21:35,11/13/2024 3:16,11/13/2024 4:11,B
TXN-0299,Southeast,Premium,Gold,11/11/2024 11:45,11/11/2024 12:16,11/11/2024 20:09,11/12/2024 18:50,11/13/2024 1:32,11/13/2024 3:10,11/13/2024 3:54,B
TXN-0300,Midwest,Standard,Silver,11/12/2024 10:24,11/12/2024 12:13,11/13/2024 0:05,11/13/2024 19:13,11/14/2024 2:51,11/14/2024 5:01,11/14/2024 6:00,B
TXN-0301,Northeast,Standard,Silver,11/13/2024 10:56,11/13/2024 12:23,11/14/2024 23:39,11/15/2024 7:13,11/15/2024 14:17,11/15/2024 16:13,11/15/2024 16:45,B
TXN-0302,Midwest,Premium,Bronze,11/14/2024 5:51,11/14/2024 7:30,11/14/2024 18:44,11/15/2024 4:21,11/15/2024 8:36,11/15/2024 10:13,11/15/2024 11:10,B
TXN-0303,Northeast,Premium,Bronze,11/15/2024 9:08,11/15/2024 10:44,11/15/2024 18:27,11/18/2024 5:33,11/18/2024 12:39,11/18/2024 13:59,11/18/2024 14:56,B
TXN-0304,Northeast,Premium,Gold,11/18/2024 4:03,11/18/2024 4:58,11/18/2024 8:31,11/18/2024 13:26,11/18/2024 17:23,11/18/2024 20:48,11/18/2024 21:29,B
TXN-0305,West,Standard,Gold,11/18/2024 4:00,11/18/2024 5:51,11/18/2024 8:53,11/18/2024 22:32,11/19/2024 1:54,11/19/2024 11:07,11/19/2024 11:55,B
TXN-0306,West,Standard,Silver,11/18/2024 23:40,11/19/2024 0:32,11/19/2024 10:12,11/20/2024 1:59,11/20/2024 4:00,11/20/2024 6:56,11/20/2024 7:29,B
TXN-0307,Southeast,Standard,Gold,11/19/2024 1:50,11/19/2024 2:39,11/19/2024 7:39,11/19/2024 13:14,11/19/2024 20:19,11/19/2024 21:50,11/19/2024 22:32,B
TXN-0308,Southeast,Standard,Silver,11/20/2024 1:52,11/20/2024 3:23,11/20/2024 13:37,11/22/2024 0:28,11/22/2024 7:57,11/22/2024 11:52,11/22/2024 12:44,B
TXN-0309,West,Standard,Gold,11/20/2024 16:45,11/20/2024 18:05,11/21/2024 1:32,11/21/2024 23:46,11/22/2024 6:21,11/22/2024 18:14,11/22/2024 18:51,B
TXN-0310,Northeast,Enterprise,Silver,11/21/2024 15:38,11/21/2024 17:01,11/22/2024 18:08,11/25/2024 3:08,11/25/2024 9:49,11/25/2024 13:39,11/25/2024 14:11,B
TXN-0311,Southeast,Enterprise,Silver,11/22/2024 12:04,11/22/2024 12:46,11/25/2024 0:20,11/25/2024 8:44,11/25/2024 13:19,11/25/2024 15:39,11/25/2024 16:18,B
TXN-0312,Midwest,Standard,Gold,11/25/2024 20:19,11/25/2024 22:00,11/26/2024 13:26,11/27/2024 1:54,11/27/2024 6:00,11/27/2024 8:57,11/27/2024 9:31,B
TXN-0313,West,Premium,Bronze,11/25/2024 22:56,11/25/2024 23:26,11/26/2024 11:19,11/26/2024 17:55,11/27/2024 1:02,11/27/2024 3:06,11/27/2024 3:55,B
TXN-0314,Southeast,Standard,Bronze,11/26/2024 0:32,11/26/2024 2:22,11/26/2024 9:07,11/26/2024 18:01,11/26/2024 20:05,11/27/2024 7:24,11/27/2024 8:04,B
TXN-0315,Midwest,Standard,Bronze,11/27/2024 2:23,11/27/2024 3:15,11/27/2024 10:53,11/28/2024 7:23,11/28/2024 13:49,11/28/2024 15:36,11/28/2024 16:32,B
TXN-0316,West,Standard,Bronze,11/28/2024 2:54,11/28/2024 4:40,11/28/2024 10:07,11/29/2024 6:26,11/29/2024 14:25,11/29/2024 15:38,11/29/2024 16:34,B
TXN-0317,West,Enterprise,Silver,11/29/2024 8:05,11/29/2024 9:43,12/2/2024 10:46,12/2/2024 23:34,12/3/2024 3:50,12/3/2024 7:37,12/3/2024 8:22,B
TXN-0318,Midwest,Premium,Bronze,12/2/2024 4:40,12/2/2024 6:27,12/2/2024 18:12,12/3/2024 13:56,12/3/2024 20:08,12/3/2024 21:10,12/3/2024 21:44,B
TXN-0319,Midwest,Standard,Gold,12/2/2024 21:54,12/2/2024 23:14,12/3/2024 2:32,12/3/2024 13:04,12/3/2024 15:51,12/3/2024 17:22,12/3/2024 17:53,B
TXN-0320,Northeast,Premium,Bronze,12/2/2024 20:37,12/2/2024 21:07,12/3/2024 2:46,12/4/2024 0:07,12/4/2024 22:17,12/5/2024 1:37,12/5/2024 2:28,B
TXN-0321,Midwest,Premium,Silver,12/2/2024 17:37,12/2/2024 19:27,12/2/2024 23:56,12/3/2024 20:34,12/3/2024 22:54,12/4/2024 4:15,12/4/2024 4:47,B
TXN-0322,Midwest,Premium,Gold,12/3/2024 17:05,12/3/2024 17:50,12/4/2024 3:54,12/4/2024 15:58,12/4/2024 19:28,12/4/2024 21:51,12/4/2024 22:26,B
TXN-0323,Midwest,Enterprise,Gold,12/4/2024 21:27,12/4/2024 22:15,12/5/2024 4:34,12/5/2024 21:34,12/6/2024 5:07,12/6/2024 8:54,12/6/2024 9:42,B
TXN-0324,Southeast,Premium,Gold,12/5/2024 18:18,12/5/2024 20:13,12/6/2024 5:59,12/9/2024 22:14,12/10/2024 2:02,12/10/2024 4:09,12/10/2024 4:49,B
TXN-0325,Midwest,Standard,Gold,12/6/2024 18:04,12/6/2024 19:55,12/9/2024 1:44,12/9/2024 6:29,12/9/2024 12:46,12/9/2024 14:50,12/9/2024 15:50,B
TXN-0326,Southeast,Premium,Bronze,12/9/2024 11:58,12/9/2024 15:01,12/9/2024 17:39,12/10/2024 4:22,12/10/2024 15:07,12/10/2024 17:39,12/10/2024 18:37,B
TXN-0327,West,Enterprise,Silver,12/9/2024 15:01,12/9/2024 16:34,12/10/2024 0:33,12/10/2024 9:33,12/10/2024 14:23,12/10/2024 17:44,12/10/2024 18:32,B
TXN-0328,Midwest,Enterprise,Silver,12/9/2024 17:07,12/9/2024 18:28,12/9/2024 21:11,12/10/2024 7:30,12/10/2024 13:56,12/10/2024 15:57,12/10/2024 16:44,B
TXN-0329,Midwest,Enterprise,Bronze,12/10/2024 12:05,12/10/2024 13:21,12/10/2024 20:55,12/13/2024 0:58,12/13/2024 7:47,12/13/2024 10:08,12/13/2024 10:40,B
TXN-0330,West,Standard,Silver,12/11/2024 17:44,12/11/2024 19:28,12/12/2024 3:41,12/12/2024 9:21,12/12/2024 15:14,12/12/2024 18:14,12/12/2024 19:13,B
TXN-0331,Midwest,Enterprise,Silver,12/12/2024 15:52,12/12/2024 17:27,12/13/2024 0:29,12/13/2024 21:53,12/16/2024 5:26,12/16/2024 8:57,12/16/2024 9:56,B
TXN-0332,Midwest,Enterprise,Bronze,12/13/2024 19:28,12/13/2024 21:10,12/16/2024 6:21,12/16/2024 17:44,12/16/2024 21:49,12/17/2024 1:51,12/17/2024 2:30,B
TXN-0333,Southeast,Enterprise,Silver,12/16/2024 21:41,12/16/2024 22:21,12/17/2024 7:52,12/18/2024 0:54,12/18/2024 4:02,12/18/2024 7:18,12/18/2024 7:52,B
TXN-0334,West,Standard,Gold,12/16/2024 19:17,12/16/2024 20:33,12/17/2024 4:57,12/19/2024 11:08,12/19/2024 15:59,12/19/2024 17:17,12/19/2024 18:04,B
TXN-0335,Southeast,Enterprise,Silver,12/16/2024 13:00,12/16/2024 13:39,12/16/2024 22:47,12/17/2024 10:30,12/17/2024 14:27,12/17/2024 15:58,12/17/2024 16:55,B
TXN-0336,West,Premium,Silver,12/17/2024 12:33,12/17/2024 13:12,12/17/2024 21:53,12/18/2024 19:37,12/19/2024 16:48,12/19/2024 20:30,12/19/2024 21:21,B
TXN-0337,Southeast,Standard,Gold,12/18/2024 11:51,12/18/2024 13:51,12/18/2024 22:32,12/19/2024 22:13,12/20/2024 3:54,12/20/2024 7:12,12/20/2024 8:00,B
TXN-0338,Southeast,Standard,Gold,12/19/2024 9:27,12/19/2024 10:34,12/19/2024 17:49,12/20/2024 0:42,12/20/2024 4:18,12/20/2024 6:01,12/20/2024 6:47,B
TXN-0339,West,Premium,Bronze,12/20/2024 17:13,12/20/2024 17:59,12/23/2024 0:01,12/25/2024 17:40,12/25/2024 22:55,12/26/2024 2:47,12/26/2024 3:32,B
TXN-0340,West,Premium,Gold,12/23/2024 9:05,12/23/2024 9:42,12/23/2024 13:23,12/23/2024 23:22,12/24/2024 5:01,12/24/2024 8:42,12/24/2024 9:16,B
TXN-0341,Northeast,Premium,Gold,12/23/2024 5:13,12/23/2024 7:05,12/23/2024 17:59,12/24/2024 19:07,12/25/2024 0:49,12/25/2024 2:35,12/25/2024 3:12,B
TXN-0342,Midwest,Premium,Gold,12/23/2024 8:17,12/23/2024 10:04,12/23/2024 18:27,12/24/2024 17:20,12/24/2024 20:11,12/24/2024 21:22,12/24/2024 22:53,B
TXN-0343,Southeast,Standard,Bronze,12/24/2024 5:30,12/24/2024 7:13,12/24/2024 18:58,12/25/2024 6:15,12/25/2024 18:29,12/25/2024 20:59,12/25/2024 21:48,B
TXN-0344,Northeast,Standard,Bronze,12/25/2024 8:21,12/25/2024 9:12,12/25/2024 12:16,12/26/2024 5:05,12/26/2024 7:10,12/26/2024 9:30,12/26/2024 10:25,B
TXN-0345,Southeast,Enterprise,Bronze,12/26/2024 11:53,12/26/2024 13:45,12/26/2024 21:00,12/27/2024 9:10,12/27/2024 13:35,12/27/2024 16:34,12/27/2024 19:28,B
TXN-0346,Northeast,Standard,Gold,12/27/2024 17:27,12/27/2024 19:05,12/30/2024 0:50,12/30/2024 10:56,12/30/2024 18:29,12/30/2024 21:07,12/30/2024 21:39,B
TXN-0347,Northeast,Enterprise,Silver,12/30/2024 18:30,12/30/2024 19:27,12/31/2024 6:55,12/31/2024 22:44,1/1/2025 2:55,1/1/2025 6:29,1/1/2025 7:03,B
TXN-0348,West,Enterprise,Silver,12/30/2024 17:50,12/30/2024 18:41,12/31/2024 0:54,12/31/2024 9:16,12/31/2024 11:27,12/31/2024 15:24,12/31/2024 16:17,B
TXN-0349,Northeast,Premium,Gold,12/30/2024 15:11,12/30/2024 16:51,12/31/2024 4:20,12/31/2024 14:08,12/31/2024 17:46,12/31/2024 20:24,12/31/2024 21:05,B
TXN-0350,West,Premium,Gold,12/31/2024 15:45,12/31/2024 17:23,1/1/2025 4:38,1/2/2025 0:14,1/2/2025 4:08,1/2/2025 5:51,1/2/2025 6:38,B
TXN-0351,Northeast,Standard,Silver,1/1/2025 19:26,1/1/2025 19:59,1/1/2025 23:02,1/6/2025 1:41,1/6/2025 8:22,1/6/2025 12:06,1/6/2025 12:42,B
TXN-0352,West,Standard,Gold,1/2/2025 16:10,1/2/2025 17:45,1/3/2025 9:28,1/6/2025 5:13,1/6/2025 12:19,1/6/2025 14:35,1/6/2025 15:24,B
TXN-0353,West,Premium,Gold,1/3/2025 12:36,1/3/2025 16:21,1/6/2025 0:23,1/6/2025 20:52,1/7/2025 2:59,1/7/2025 5:03,1/7/2025 5:43,B
TXN-0354,Northeast,Enterprise,Silver,1/6/2025 9:49,1/6/2025 10:41,1/6/2025 14:09,1/7/2025 10:11,1/7/2025 18:07,1/7/2025 20:47,1/7/2025 21:37,B
TXN-0355,Northeast,Standard,Silver,1/6/2025 13:27,1/6/2025 14:42,1/7/2025 2:29,1/7/2025 17:05,1/8/2025 0:27,1/8/2025 2:08,1/8/2025 2:51,B
TXN-0356,Southeast,Enterprise,Silver,1/6/2025 14:36,1/6/2025 15:24,1/7/2025 20:21,1/8/2025 5:33,1/8/2025 11:07,1/8/2025 14:48,1/8/2025 15:22,B
TXN-0357,Midwest,Premium,Bronze,1/7/2025 11:49,1/7/2025 12:33,1/7/2025 21:59,1/8/2025 2:29,1/8/2025 5:06,1/8/2025 6:19,1/8/2025 9:10,B
TXN-0358,Southeast,Standard,Bronze,1/8/2025 5:30,1/8/2025 7:13,1/8/2025 16:03,1/8/2025 23:49,1/9/2025 6:11,1/9/2025 8:07,1/9/2025 9:06,B
TXN-0359,Southeast,Standard,Bronze,1/9/2025 2:54,1/9/2025 4:07,1/9/2025 11:26,1/10/2025 0:53,1/10/2025 17:19,1/10/2025 19:20,1/10/2025 20:02,B
TXN-0360,West,Standard,Gold,1/10/2025 6:08,1/10/2025 8:01,1/10/2025 15:16,1/10/2025 21:47,1/13/2025 2:32,1/13/2025 4:54,1/13/2025 6:57,B
TXN-0361,Midwest,Premium,Silver,1/13/2025 11:58,1/13/2025 13:35,1/13/2025 21:46,1/14/2025 20:25,1/15/2025 3:34,1/15/2025 7:12,1/15/2025 7:59,B
TXN-0362,Southeast,Standard,Bronze,1/13/2025 6:05,1/13/2025 6:42,1/13/2025 11:51,1/14/2025 11:21,1/14/2025 16:49,1/14/2025 18:01,1/14/2025 18:43,B
TXN-0363,Midwest,Enterprise,Bronze,1/13/2025 11:06,1/13/2025 12:31,1/14/2025 15:27,1/14/2025 22:16,1/15/2025 5:06,1/15/2025 7:59,1/15/2025 8:34,B
TXN-0364,Southeast,Premium,Silver,1/14/2025 1:30,1/14/2025 2:56,1/15/2025 0:19,1/15/2025 13:26,1/15/2025 17:19,1/15/2025 20:48,1/15/2025 21:19,B
TXN-0365,Northeast,Standard,Gold,1/15/2025 2:32,1/15/2025 4:23,1/15/2025 12:23,1/17/2025 11:11,1/17/2025 13:48,1/17/2025 15:50,1/17/2025 16:28,B
TXN-0366,Northeast,Premium,Gold,1/15/2025 21:30,1/15/2025 22:38,1/16/2025 1:08,1/16/2025 11:51,1/16/2025 17:05,1/17/2025 4:33,1/17/2025 5:14,B
TXN-0367,Northeast,Standard,Bronze,1/17/2025 5:41,1/17/2025 6:26,1/17/2025 12:36,1/17/2025 21:59,1/20/2025 0:46,1/20/2025 7:21,1/20/2025 8:19,B
TXN-0368,Southeast,Premium,Bronze,1/20/2025 3:46,1/20/2025 5:24,1/20/2025 7:25,1/20/2025 23:15,1/21/2025 2:59,1/21/2025 5:23,1/21/2025 6:14,B
TXN-0369,West,Premium,Bronze,1/20/2025 1:42,1/20/2025 2:23,1/20/2025 10:32,1/21/2025 4:40,1/21/2025 8:13,1/21/2025 11:11,1/21/2025 11:55,B
TXN-0370,Midwest,Premium,Bronze,1/20/2025 5:45,1/20/2025 6:24,1/20/2025 17:18,1/21/2025 12:24,1/21/2025 18:48,1/21/2025 21:54,1/21/2025 22:37,B
TXN-0371,West,Standard,Gold,1/21/2025 13:37,1/21/2025 14:11,1/21/2025 17:29,1/22/2025 11:03,1/22/2025 14:59,1/22/2025 22:50,1/23/2025 1:29,B
TXN-0372,West,Enterprise,Bronze,1/22/2025 10:09,1/22/2025 11:38,1/22/2025 16:09,1/23/2025 14:54,1/23/2025 22:09,1/24/2025 0:53,1/24/2025 1:47,B
TXN-0373,Northeast,Enterprise,Bronze,1/23/2025 14:45,1/23/2025 16:15,1/27/2025 1:08,1/27/2025 22:07,1/28/2025 1:04,1/28/2025 4:10,1/28/2025 4:58,B
TXN-0374,Northeast,Enterprise,Bronze,1/24/2025 8:10,1/24/2025 9:01,1/24/2025 13:10,1/24/2025 21:11,1/24/2025 23:26,1/27/2025 3:04,1/27/2025 4:51,B
TXN-0375,Southeast,Premium,Gold,1/27/2025 8:47,1/27/2025 10:30,1/27/2025 16:19,1/28/2025 2:59,1/28/2025 8:48,1/28/2025 9:48,1/28/2025 10:24,B
TXN-0376,Southeast,Standard,Gold,1/27/2025 18:26,1/27/2025 19:52,1/28/2025 5:59,1/29/2025 1:35,1/29/2025 5:10,1/29/2025 9:07,1/29/2025 9:47,B
TXN-0377,Southeast,Premium,Bronze,1/27/2025 16:50,1/27/2025 17:57,1/28/2025 5:48,1/29/2025 2:51,1/29/2025 6:09,1/29/2025 9:20,1/29/2025 9:57,B
TXN-0378,Midwest,Standard,Bronze,1/28/2025 18:41,1/28/2025 19:42,1/29/2025 3:47,1/30/2025 3:45,1/30/2025 21:48,1/30/2025 23:24,1/31/2025 0:00,B
TXN-0379,Midwest,Enterprise,Gold,1/29/2025 16:27,1/29/2025 17:13,1/30/2025 5:00,1/30/2025 9:01,1/30/2025 11:04,1/30/2025 17:11,1/30/2025 18:01,B
TXN-0380,Midwest,Standard,Silver,1/30/2025 7:05,1/30/2025 8:38,1/30/2025 15:25,1/31/2025 9:41,1/31/2025 16:30,1/31/2025 18:06,1/31/2025 18:57,B
TXN-0381,Southeast,Enterprise,Bronze,1/31/2025 10:33,1/31/2025 11:25,1/31/2025 15:57,2/3/2025 6:47,2/3/2025 14:24,2/3/2025 16:24,2/3/2025 16:58,B
TXN-0382,Northeast,Enterprise,Silver,2/3/2025 10:58,2/3/2025 12:10,2/3/2025 16:14,2/4/2025 8:35,2/4/2025 11:21,2/4/2025 13:39,2/4/2025 14:27,B
TXN-0383,Midwest,Enterprise,Gold,2/3/2025 8:25,2/3/2025 9:10,2/3/2025 13:58,2/4/2025 8:40,2/4/2025 15:27,2/4/2025 19:06,2/4/2025 20:05,B
TXN-0384,West,Enterprise,Bronze,2/3/2025 5:52,2/3/2025 6:53,2/3/2025 9:31,2/4/2025 7:16,2/4/2025 9:26,2/4/2025 10:45,2/4/2025 11:25,B
TXN-0385,West,Standard,Bronze,2/4/2025 3:55,2/4/2025 4:39,2/4/2025 11:26,2/5/2025 3:11,2/5/2025 8:59,2/5/2025 15:17,2/5/2025 16:16,B
TXN-0386,West,Enterprise,Silver,2/5/2025 0:27,2/5/2025 1:27,2/5/2025 9:10,2/6/2025 0:11,2/6/2025 6:14,2/6/2025 8:19,2/6/2025 9:06,B
TXN-0387,Northeast,Standard,Silver,2/6/2025 6:36,2/6/2025 8:36,2/7/2025 14:54,2/10/2025 7:07,2/10/2025 14:42,2/10/2025 18:36,2/10/2025 19:16,B
TXN-0388,Northeast,Premium,Gold,2/7/2025 10:29,2/7/2025 11:25,2/7/2025 14:54,2/7/2025 21:05,2/10/2025 4:30,2/10/2025 7:44,2/10/2025 8:37,B
TXN-0389,Southeast,Premium,Bronze,2/10/2025 9:52,2/10/2025 11:47,2/10/2025 16:00,2/11/2025 7:01,2/11/2025 10:01,2/11/2025 12:39,2/11/2025 13:32,B
TXN-0390,Southeast,Enterprise,Silver,2/10/2025 8:27,2/10/2025 9:27,2/10/2025 12:43,2/11/2025 1:20,2/11/2025 7:48,2/11/2025 14:11,2/11/2025 15:08,B
TXN-0391,Southeast,Standard,Gold,2/10/2025 9:31,2/10/2025 10:54,2/10/2025 21:39,2/11/2025 15:08,2/11/2025 21:36,2/11/2025 23:34,2/12/2025 0:17,B
TXN-0392,Midwest,Standard,Silver,2/11/2025 6:16,2/11/2025 7:46,2/11/2025 16:47,2/13/2025 3:12,2/13/2025 7:16,2/13/2025 8:48,2/13/2025 9:43,B
TXN-0393,West,Enterprise,Gold,2/12/2025 5:47,2/12/2025 7:04,2/13/2025 6:32,2/13/2025 13:25,2/13/2025 18:52,2/13/2025 22:06,2/13/2025 22:52,B
TXN-0394,Southeast,Standard,Gold,2/13/2025 11:11,2/13/2025 12:43,2/13/2025 15:27,2/14/2025 8:30,2/14/2025 13:28,2/14/2025 14:42,2/14/2025 15:26,B
TXN-0395,Northeast,Enterprise,Bronze,2/14/2025 12:41,2/14/2025 14:21,2/14/2025 18:05,2/17/2025 0:42,2/17/2025 16:07,2/17/2025 18:28,2/17/2025 19:14,B
TXN-0396,West,Enterprise,Gold,2/17/2025 13:59,2/17/2025 14:56,2/17/2025 23:40,2/18/2025 14:14,2/18/2025 18:26,2/18/2025 22:06,2/18/2025 22:37,B
TXN-0397,West,Standard,Bronze,2/17/2025 14:57,2/17/2025 15:47,2/18/2025 1:30,2/19/2025 1:14,2/19/2025 6:41,2/19/2025 9:01,2/19/2025 12:01,B
TXN-0398,Southeast,Premium,Gold,2/17/2025 14:18,2/17/2025 15:42,2/17/2025 21:58,2/18/2025 12:17,2/18/2025 15:27,2/18/2025 17:54,2/18/2025 18:28,B
TXN-0399,Southeast,Enterprise,Bronze,2/18/2025 21:48,2/18/2025 22:28,2/20/2025 12:11,2/20/2025 17:03,2/20/2025 22:10,2/21/2025 0:59,2/21/2025 1:36,B
TXN-0400,Midwest,Standard,Silver,2/20/2025 0:34,2/20/2025 1:40,2/20/2025 4:07,2/20/2025 17:12,2/21/2025 0:37,2/21/2025 3:16,2/21/2025 4:15,B
TXN-0401,Northeast,Enterprise,Gold,2/20/2025 22:33,2/21/2025 1:28,2/21/2025 6:33,2/24/2025 2:24,2/24/2025 9:59,2/24/2025 13:15,2/24/2025 15:46,B
TXN-0402,Southeast,Enterprise,Gold,2/24/2025 2:16,2/24/2025 4:31,2/24/2025 10:02,2/24/2025 14:35,2/24/2025 21:56,2/25/2025 0:10,2/25/2025 0:53,B
TXN-0403,Southeast,Enterprise,Bronze,2/24/2025 3:59,2/24/2025 5:48,2/24/2025 13:12,2/25/2025 9:57,2/25/2025 12:47,2/25/2025 15:31,2/25/2025 16:18,B
TXN-0404,West,Enterprise,Silver,2/24/2025 0:09,2/24/2025 3:11,2/24/2025 5:31,2/25/2025 4:01,2/25/2025 8:40,2/25/2025 9:48,2/25/2025 10:36,B
TXN-0405,West,Enterprise,Bronze,2/24/2025 23:41,2/25/2025 1:26,2/25/2025 7:50,2/25/2025 17:29,2/25/2025 20:23,2/26/2025 0:18,2/26/2025 0:50,B
TXN-0406,Midwest,Premium,Bronze,2/26/2025 0:23,2/26/2025 1:47,2/26/2025 10:25,2/27/2025 1:07,2/27/2025 7:54,2/27/2025 10:50,2/27/2025 11:35,B
TXN-0407,West,Premium,Bronze,2/27/2025 6:18,2/27/2025 7:57,2/27/2025 14:21,2/28/2025 0:11,2/28/2025 6:31,2/28/2025 7:39,2/28/2025 8:34,B
TXN-0408,Midwest,Premium,Silver,2/28/2025 0:33,2/28/2025 1:15,2/28/2025 7:40,2/28/2025 23:56,3/3/2025 4:13,3/3/2025 11:58,3/3/2025 12:46,B
TXN-0409,Northeast,Standard,Bronze,3/3/2025 0:01,3/3/2025 0:51,3/3/2025 2:51,3/3/2025 10:30,3/3/2025 19:55,3/3/2025 23:19,3/4/2025 0:14,B
TXN-0410,Midwest,Standard,Gold,3/3/2025 4:31,3/3/2025 5:24,3/3/2025 15:53,3/4/2025 13:20,3/4/2025 16:25,3/4/2025 19:26,3/4/2025 20:09,B
TXN-0411,Midwest,Enterprise,Gold,3/3/2025 4:50,3/3/2025 10:29,3/3/2025 13:42,3/3/2025 23:06,3/4/2025 4:40,3/4/2025 8:40,3/4/2025 9:23,B
TXN-0412,Midwest,Premium,Silver,3/4/2025 3:03,3/4/2025 4:59,3/4/2025 12:36,3/5/2025 3:15,3/5/2025 10:37,3/5/2025 13:52,3/5/2025 14:41,B
TXN-0413,West,Enterprise,Gold,3/5/2025 5:17,3/5/2025 5:58,3/5/2025 9:25,3/6/2025 1:52,3/6/2025 6:10,3/6/2025 9:37,3/6/2025 10:14,B
TXN-0414,Southeast,Premium,Bronze,3/6/2025 6:46,3/6/2025 9:48,3/6/2025 18:58,3/7/2025 5:27,3/7/2025 8:24,3/7/2025 9:29,3/7/2025 10:18,B
TXN-0415,West,Enterprise,Silver,3/6/2025 23:11,3/7/2025 0:14,3/7/2025 10:45,3/10/2025 2:20,3/10/2025 9:51,3/10/2025 11:28,3/10/2025 13:50,B
TXN-0416,Northeast,Standard,Gold,3/10/2025 0:34,3/10/2025 1:32,3/10/2025 12:07,3/10/2025 17:35,3/10/2025 23:43,3/11/2025 2:33,3/11/2025 3:09,B
TXN-0417,West,Enterprise,Silver,3/10/2025 6:00,3/10/2025 6:37,3/11/2025 15:11,3/12/2025 4:17,3/12/2025 11:33,3/12/2025 14:04,3/12/2025 16:11,B
TXN-0418,Midwest,Standard,Gold,3/10/2025 22:17,3/10/2025 23:28,3/11/2025 9:54,3/11/2025 20:14,3/12/2025 4:01,3/12/2025 6:14,3/12/2025 8:12,B
TXN-0419,West,Premium,Gold,3/10/2025 21:52,3/10/2025 22:23,3/11/2025 0:54,3/11/2025 14:13,3/11/2025 18:14,3/11/2025 19:16,3/11/2025 19:51,B
TXN-0420,Northeast,Enterprise,Gold,3/12/2025 4:28,3/12/2025 5:30,3/12/2025 11:28,3/13/2025 0:11,3/13/2025 4:42,3/13/2025 7:07,3/13/2025 7:47,B
TXN-0421,Midwest,Standard,Gold,3/12/2025 23:35,3/13/2025 0:06,3/13/2025 2:32,3/13/2025 15:48,3/13/2025 18:15,3/14/2025 1:17,3/14/2025 1:52,B
TXN-0422,Midwest,Enterprise,Silver,3/13/2025 22:25,3/13/2025 23:50,3/14/2025 1:53,3/17/2025 21:34,3/17/2025 23:50,3/18/2025 1:31,3/18/2025 2:10,B
TXN-0423,Southeast,Standard,Silver,3/14/2025 20:28,3/17/2025 3:04,3/17/2025 7:36,3/18/2025 6:26,3/18/2025 13:50,3/18/2025 15:47,3/18/2025 16:25,B
TXN-0424,West,Standard,Silver,3/17/2025 19:35,3/17/2025 21:02,3/18/2025 6:41,3/18/2025 21:32,3/19/2025 3:42,3/19/2025 5:28,3/19/2025 6:27,B
TXN-0425,Northeast,Enterprise,Silver,3/17/2025 23:28,3/18/2025 1:23,3/18/2025 10:41,3/19/2025 1:07,3/19/2025 4:57,3/19/2025 8:25,3/19/2025 9:03,B
